Tree_num,Province,Ecozone,Genus,Species,Variety,DBH,Height
1,AB,4,ABIE,LAS,, 15.00, 13.71
2,AB,4,ABIE,LAS,, 15.50, 13.88
3,AB,4,ABIE,LAS,, 16.00, 14.05
4,AB,4,ABIE,LAS,, 16.50, 14.22
5,AB,4,ABIE,LAS,, 17.00, 14.38
6,AB,4,ABIE,LAS,, 17.50, 14.54
7,AB,4,ABIE,LAS,, 18.00, 14.70
8,AB,4,ABIE,LAS,, 18.50, 14.85
9,AB,4,ABIE,LAS,, 19.00, 15.00
10,AB,4,ABIE,LAS,, 19.50, 15.15
11,AB,4,ABIE,LAS,, 20.00, 15.30
12,AB,4,ABIE,LAS,, 20.50, 15.44
13,AB,4,ABIE,LAS,, 21.00, 15.59
14,AB,4,ABIE,LAS,, 21.50, 15.73
15,AB,4,ABIE,LAS,, 22.00, 15.87
16,AB,4,ABIE,LAS,, 22.50, 16.00
17,AB,4,ABIE,LAS,, 23.00, 16.14
18,AB,4,ABIE,LAS,, 23.50, 16.27
19,AB,4,ABIE,LAS,, 24.00, 16.40
20,AB,4,ABIE,LAS,, 24.50, 16.53
21,AB,4,ABIE,LAS,, 25.00, 16.66
22,AB,4,ABIE,LAS,, 25.50, 16.79
23,AB,4,ABIE,LAS,, 26.00, 16.91
24,AB,4,ABIE,LAS,, 26.50, 17.04
25,AB,4,ABIE,LAS,, 27.00, 17.16
26,AB,4,ABIE,LAS,, 27.50, 17.28
27,AB,4,ABIE,LAS,, 28.00, 17.40
28,AB,4,ABIE,LAS,, 28.50, 17.52
29,AB,4,ABIE,LAS,, 29.00, 17.63
30,AB,4,ABIE,LAS,, 29.50, 17.75
31,AB,4,ABIE,LAS,, 30.00, 17.86
32,AB,5,ABIE,LAS,, 15.00, 13.71
33,AB,5,ABIE,LAS,, 15.50, 13.88
34,AB,5,ABIE,LAS,, 16.00, 14.05
35,AB,5,ABIE,LAS,, 16.50, 14.22
36,AB,5,ABIE,LAS,, 17.00, 14.38
37,AB,5,ABIE,LAS,, 17.50, 14.54
38,AB,5,ABIE,LAS,, 18.00, 14.70
39,AB,5,ABIE,LAS,, 18.50, 14.85
40,AB,5,ABIE,LAS,, 19.00, 15.00
41,AB,5,ABIE,LAS,, 19.50, 15.15
42,AB,5,ABIE,LAS,, 20.00, 15.30
43,AB,5,ABIE,LAS,, 20.50, 15.44
44,AB,5,ABIE,LAS,, 21.00, 15.59
45,AB,5,ABIE,LAS,, 21.50, 15.73
46,AB,5,ABIE,LAS,, 22.00, 15.87
47,AB,5,ABIE,LAS,, 22.50, 16.00
48,AB,5,ABIE,LAS,, 23.00, 16.14
49,AB,5,ABIE,LAS,, 23.50, 16.27
50,AB,5,ABIE,LAS,, 24.00, 16.40
51,AB,5,ABIE,LAS,, 24.50, 16.53
52,AB,5,ABIE,LAS,, 25.00, 16.66
53,AB,5,ABIE,LAS,, 25.50, 16.79
54,AB,5,ABIE,LAS,, 26.00, 16.91
55,AB,5,ABIE,LAS,, 26.50, 17.04
56,AB,5,ABIE,LAS,, 27.00, 17.16
57,AB,5,ABIE,LAS,, 27.50, 17.28
58,AB,5,ABIE,LAS,, 28.00, 17.40
59,AB,5,ABIE,LAS,, 28.50, 17.52
60,AB,5,ABIE,LAS,, 29.00, 17.63
61,AB,5,ABIE,LAS,, 29.50, 17.75
62,AB,5,ABIE,LAS,, 30.00, 17.86
63,AB,6,ABIE,LAS,, 15.00, 13.71
64,AB,6,ABIE,LAS,, 15.50, 13.88
65,AB,6,ABIE,LAS,, 16.00, 14.05
66,AB,6,ABIE,LAS,, 16.50, 14.22
67,AB,6,ABIE,LAS,, 17.00, 14.38
68,AB,6,ABIE,LAS,, 17.50, 14.54
69,AB,6,ABIE,LAS,, 18.00, 14.70
70,AB,6,ABIE,LAS,, 18.50, 14.85
71,AB,6,ABIE,LAS,, 19.00, 15.00
72,AB,6,ABIE,LAS,, 19.50, 15.15
73,AB,6,ABIE,LAS,, 20.00, 15.30
74,AB,6,ABIE,LAS,, 20.50, 15.44
75,AB,6,ABIE,LAS,, 21.00, 15.59
76,AB,6,ABIE,LAS,, 21.50, 15.73
77,AB,6,ABIE,LAS,, 22.00, 15.87
78,AB,6,ABIE,LAS,, 22.50, 16.00
79,AB,6,ABIE,LAS,, 23.00, 16.14
80,AB,6,ABIE,LAS,, 23.50, 16.27
81,AB,6,ABIE,LAS,, 24.00, 16.40
82,AB,6,ABIE,LAS,, 24.50, 16.53
83,AB,6,ABIE,LAS,, 25.00, 16.66
84,AB,6,ABIE,LAS,, 25.50, 16.79
85,AB,6,ABIE,LAS,, 26.00, 16.91
86,AB,6,ABIE,LAS,, 26.50, 17.04
87,AB,6,ABIE,LAS,, 27.00, 17.16
88,AB,6,ABIE,LAS,, 27.50, 17.28
89,AB,6,ABIE,LAS,, 28.00, 17.40
90,AB,6,ABIE,LAS,, 28.50, 17.52
91,AB,6,ABIE,LAS,, 29.00, 17.63
92,AB,6,ABIE,LAS,, 29.50, 17.75
93,AB,6,ABIE,LAS,, 30.00, 17.86
94,AB,9,ABIE,LAS,, 15.00, 13.71
95,AB,9,ABIE,LAS,, 15.50, 13.88
96,AB,9,ABIE,LAS,, 16.00, 14.05
97,AB,9,ABIE,LAS,, 16.50, 14.22
98,AB,9,ABIE,LAS,, 17.00, 14.38
99,AB,9,ABIE,LAS,, 17.50, 14.54
100,AB,9,ABIE,LAS,, 18.00, 14.70
101,AB,9,ABIE,LAS,, 18.50, 14.85
102,AB,9,ABIE,LAS,, 19.00, 15.00
103,AB,9,ABIE,LAS,, 19.50, 15.15
104,AB,9,ABIE,LAS,, 20.00, 15.30
105,AB,9,ABIE,LAS,, 20.50, 15.44
106,AB,9,ABIE,LAS,, 21.00, 15.59
107,AB,9,ABIE,LAS,, 21.50, 15.73
108,AB,9,ABIE,LAS,, 22.00, 15.87
109,AB,9,ABIE,LAS,, 22.50, 16.00
110,AB,9,ABIE,LAS,, 23.00, 16.14
111,AB,9,ABIE,LAS,, 23.50, 16.27
112,AB,9,ABIE,LAS,, 24.00, 16.40
113,AB,9,ABIE,LAS,, 24.50, 16.53
114,AB,9,ABIE,LAS,, 25.00, 16.66
115,AB,9,ABIE,LAS,, 25.50, 16.79
116,AB,9,ABIE,LAS,, 26.00, 16.91
117,AB,9,ABIE,LAS,, 26.50, 17.04
118,AB,9,ABIE,LAS,, 27.00, 17.16
119,AB,9,ABIE,LAS,, 27.50, 17.28
120,AB,9,ABIE,LAS,, 28.00, 17.40
121,AB,9,ABIE,LAS,, 28.50, 17.52
122,AB,9,ABIE,LAS,, 29.00, 17.63
123,AB,9,ABIE,LAS,, 29.50, 17.75
124,AB,9,ABIE,LAS,, 30.00, 17.86
125,AB,10,ABIE,LAS,, 15.00, 13.71
126,AB,10,ABIE,LAS,, 15.50, 13.88
127,AB,10,ABIE,LAS,, 16.00, 14.05
128,AB,10,ABIE,LAS,, 16.50, 14.22
129,AB,10,ABIE,LAS,, 17.00, 14.38
130,AB,10,ABIE,LAS,, 17.50, 14.54
131,AB,10,ABIE,LAS,, 18.00, 14.70
132,AB,10,ABIE,LAS,, 18.50, 14.85
133,AB,10,ABIE,LAS,, 19.00, 15.00
134,AB,10,ABIE,LAS,, 19.50, 15.15
135,AB,10,ABIE,LAS,, 20.00, 15.30
136,AB,10,ABIE,LAS,, 20.50, 15.44
137,AB,10,ABIE,LAS,, 21.00, 15.59
138,AB,10,ABIE,LAS,, 21.50, 15.73
139,AB,10,ABIE,LAS,, 22.00, 15.87
140,AB,10,ABIE,LAS,, 22.50, 16.00
141,AB,10,ABIE,LAS,, 23.00, 16.14
142,AB,10,ABIE,LAS,, 23.50, 16.27
143,AB,10,ABIE,LAS,, 24.00, 16.40
144,AB,10,ABIE,LAS,, 24.50, 16.53
145,AB,10,ABIE,LAS,, 25.00, 16.66
146,AB,10,ABIE,LAS,, 25.50, 16.79
147,AB,10,ABIE,LAS,, 26.00, 16.91
148,AB,10,ABIE,LAS,, 26.50, 17.04
149,AB,10,ABIE,LAS,, 27.00, 17.16
150,AB,10,ABIE,LAS,, 27.50, 17.28
151,AB,10,ABIE,LAS,, 28.00, 17.40
152,AB,10,ABIE,LAS,, 28.50, 17.52
153,AB,10,ABIE,LAS,, 29.00, 17.63
154,AB,10,ABIE,LAS,, 29.50, 17.75
155,AB,10,ABIE,LAS,, 30.00, 17.86
156,AB,14,ABIE,LAS,, 15.00, 13.71
157,AB,14,ABIE,LAS,, 15.50, 13.88
158,AB,14,ABIE,LAS,, 16.00, 14.05
159,AB,14,ABIE,LAS,, 16.50, 14.22
160,AB,14,ABIE,LAS,, 17.00, 14.38
161,AB,14,ABIE,LAS,, 17.50, 14.54
162,AB,14,ABIE,LAS,, 18.00, 14.70
163,AB,14,ABIE,LAS,, 18.50, 14.85
164,AB,14,ABIE,LAS,, 19.00, 15.00
165,AB,14,ABIE,LAS,, 19.50, 15.15
166,AB,14,ABIE,LAS,, 20.00, 15.30
167,AB,14,ABIE,LAS,, 20.50, 15.44
168,AB,14,ABIE,LAS,, 21.00, 15.59
169,AB,14,ABIE,LAS,, 21.50, 15.73
170,AB,14,ABIE,LAS,, 22.00, 15.87
171,AB,14,ABIE,LAS,, 22.50, 16.00
172,AB,14,ABIE,LAS,, 23.00, 16.14
173,AB,14,ABIE,LAS,, 23.50, 16.27
174,AB,14,ABIE,LAS,, 24.00, 16.40
175,AB,14,ABIE,LAS,, 24.50, 16.53
176,AB,14,ABIE,LAS,, 25.00, 16.66
177,AB,14,ABIE,LAS,, 25.50, 16.79
178,AB,14,ABIE,LAS,, 26.00, 16.91
179,AB,14,ABIE,LAS,, 26.50, 17.04
180,AB,14,ABIE,LAS,, 27.00, 17.16
181,AB,14,ABIE,LAS,, 27.50, 17.28
182,AB,14,ABIE,LAS,, 28.00, 17.40
183,AB,14,ABIE,LAS,, 28.50, 17.52
184,AB,14,ABIE,LAS,, 29.00, 17.63
185,AB,14,ABIE,LAS,, 29.50, 17.75
186,AB,14,ABIE,LAS,, 30.00, 17.86
187,AB,4,ABIE,BAL,, 15.00, 20.04
188,AB,4,ABIE,BAL,, 15.50, 20.20
189,AB,4,ABIE,BAL,, 16.00, 20.35
190,AB,4,ABIE,BAL,, 16.50, 20.50
191,AB,4,ABIE,BAL,, 17.00, 20.65
192,AB,4,ABIE,BAL,, 17.50, 20.80
193,AB,4,ABIE,BAL,, 18.00, 20.94
194,AB,4,ABIE,BAL,, 18.50, 21.08
195,AB,4,ABIE,BAL,, 19.00, 21.21
196,AB,4,ABIE,BAL,, 19.50, 21.34
197,AB,4,ABIE,BAL,, 20.00, 21.47
198,AB,4,ABIE,BAL,, 20.50, 21.60
199,AB,4,ABIE,BAL,, 21.00, 21.73
200,AB,4,ABIE,BAL,, 21.50, 21.85
201,AB,4,ABIE,BAL,, 22.00, 21.97
202,AB,4,ABIE,BAL,, 22.50, 22.09
203,AB,4,ABIE,BAL,, 23.00, 22.21
204,AB,4,ABIE,BAL,, 23.50, 22.32
205,AB,4,ABIE,BAL,, 24.00, 22.44
206,AB,4,ABIE,BAL,, 24.50, 22.55
207,AB,4,ABIE,BAL,, 25.00, 22.66
208,AB,4,ABIE,BAL,, 25.50, 22.76
209,AB,4,ABIE,BAL,, 26.00, 22.87
210,AB,4,ABIE,BAL,, 26.50, 22.98
211,AB,4,ABIE,BAL,, 27.00, 23.08
212,AB,4,ABIE,BAL,, 27.50, 23.18
213,AB,4,ABIE,BAL,, 28.00, 23.28
214,AB,4,ABIE,BAL,, 28.50, 23.38
215,AB,4,ABIE,BAL,, 29.00, 23.48
216,AB,4,ABIE,BAL,, 29.50, 23.57
217,AB,4,ABIE,BAL,, 30.00, 23.67
218,AB,5,ABIE,BAL,, 15.00, 20.04
219,AB,5,ABIE,BAL,, 15.50, 20.20
220,AB,5,ABIE,BAL,, 16.00, 20.35
221,AB,5,ABIE,BAL,, 16.50, 20.50
222,AB,5,ABIE,BAL,, 17.00, 20.65
223,AB,5,ABIE,BAL,, 17.50, 20.80
224,AB,5,ABIE,BAL,, 18.00, 20.94
225,AB,5,ABIE,BAL,, 18.50, 21.08
226,AB,5,ABIE,BAL,, 19.00, 21.21
227,AB,5,ABIE,BAL,, 19.50, 21.34
228,AB,5,ABIE,BAL,, 20.00, 21.47
229,AB,5,ABIE,BAL,, 20.50, 21.60
230,AB,5,ABIE,BAL,, 21.00, 21.73
231,AB,5,ABIE,BAL,, 21.50, 21.85
232,AB,5,ABIE,BAL,, 22.00, 21.97
233,AB,5,ABIE,BAL,, 22.50, 22.09
234,AB,5,ABIE,BAL,, 23.00, 22.21
235,AB,5,ABIE,BAL,, 23.50, 22.32
236,AB,5,ABIE,BAL,, 24.00, 22.44
237,AB,5,ABIE,BAL,, 24.50, 22.55
238,AB,5,ABIE,BAL,, 25.00, 22.66
239,AB,5,ABIE,BAL,, 25.50, 22.76
240,AB,5,ABIE,BAL,, 26.00, 22.87
241,AB,5,ABIE,BAL,, 26.50, 22.98
242,AB,5,ABIE,BAL,, 27.00, 23.08
243,AB,5,ABIE,BAL,, 27.50, 23.18
244,AB,5,ABIE,BAL,, 28.00, 23.28
245,AB,5,ABIE,BAL,, 28.50, 23.38
246,AB,5,ABIE,BAL,, 29.00, 23.48
247,AB,5,ABIE,BAL,, 29.50, 23.57
248,AB,5,ABIE,BAL,, 30.00, 23.67
249,AB,6,ABIE,BAL,, 15.00, 20.04
250,AB,6,ABIE,BAL,, 15.50, 20.20
251,AB,6,ABIE,BAL,, 16.00, 20.35
252,AB,6,ABIE,BAL,, 16.50, 20.50
253,AB,6,ABIE,BAL,, 17.00, 20.65
254,AB,6,ABIE,BAL,, 17.50, 20.80
255,AB,6,ABIE,BAL,, 18.00, 20.94
256,AB,6,ABIE,BAL,, 18.50, 21.08
257,AB,6,ABIE,BAL,, 19.00, 21.21
258,AB,6,ABIE,BAL,, 19.50, 21.34
259,AB,6,ABIE,BAL,, 20.00, 21.47
260,AB,6,ABIE,BAL,, 20.50, 21.60
261,AB,6,ABIE,BAL,, 21.00, 21.73
262,AB,6,ABIE,BAL,, 21.50, 21.85
263,AB,6,ABIE,BAL,, 22.00, 21.97
264,AB,6,ABIE,BAL,, 22.50, 22.09
265,AB,6,ABIE,BAL,, 23.00, 22.21
266,AB,6,ABIE,BAL,, 23.50, 22.32
267,AB,6,ABIE,BAL,, 24.00, 22.44
268,AB,6,ABIE,BAL,, 24.50, 22.55
269,AB,6,ABIE,BAL,, 25.00, 22.66
270,AB,6,ABIE,BAL,, 25.50, 22.76
271,AB,6,ABIE,BAL,, 26.00, 22.87
272,AB,6,ABIE,BAL,, 26.50, 22.98
273,AB,6,ABIE,BAL,, 27.00, 23.08
274,AB,6,ABIE,BAL,, 27.50, 23.18
275,AB,6,ABIE,BAL,, 28.00, 23.28
276,AB,6,ABIE,BAL,, 28.50, 23.38
277,AB,6,ABIE,BAL,, 29.00, 23.48
278,AB,6,ABIE,BAL,, 29.50, 23.57
279,AB,6,ABIE,BAL,, 30.00, 23.67
280,AB,9,ABIE,BAL,, 15.00, 20.04
281,AB,9,ABIE,BAL,, 15.50, 20.20
282,AB,9,ABIE,BAL,, 16.00, 20.35
283,AB,9,ABIE,BAL,, 16.50, 20.50
284,AB,9,ABIE,BAL,, 17.00, 20.65
285,AB,9,ABIE,BAL,, 17.50, 20.80
286,AB,9,ABIE,BAL,, 18.00, 20.94
287,AB,9,ABIE,BAL,, 18.50, 21.08
288,AB,9,ABIE,BAL,, 19.00, 21.21
289,AB,9,ABIE,BAL,, 19.50, 21.34
290,AB,9,ABIE,BAL,, 20.00, 21.47
291,AB,9,ABIE,BAL,, 20.50, 21.60
292,AB,9,ABIE,BAL,, 21.00, 21.73
293,AB,9,ABIE,BAL,, 21.50, 21.85
294,AB,9,ABIE,BAL,, 22.00, 21.97
295,AB,9,ABIE,BAL,, 22.50, 22.09
296,AB,9,ABIE,BAL,, 23.00, 22.21
297,AB,9,ABIE,BAL,, 23.50, 22.32
298,AB,9,ABIE,BAL,, 24.00, 22.44
299,AB,9,ABIE,BAL,, 24.50, 22.55
300,AB,9,ABIE,BAL,, 25.00, 22.66
301,AB,9,ABIE,BAL,, 25.50, 22.76
302,AB,9,ABIE,BAL,, 26.00, 22.87
303,AB,9,ABIE,BAL,, 26.50, 22.98
304,AB,9,ABIE,BAL,, 27.00, 23.08
305,AB,9,ABIE,BAL,, 27.50, 23.18
306,AB,9,ABIE,BAL,, 28.00, 23.28
307,AB,9,ABIE,BAL,, 28.50, 23.38
308,AB,9,ABIE,BAL,, 29.00, 23.48
309,AB,9,ABIE,BAL,, 29.50, 23.57
310,AB,9,ABIE,BAL,, 30.00, 23.67
311,AB,10,ABIE,BAL,, 15.00, 20.04
312,AB,10,ABIE,BAL,, 15.50, 20.20
313,AB,10,ABIE,BAL,, 16.00, 20.35
314,AB,10,ABIE,BAL,, 16.50, 20.50
315,AB,10,ABIE,BAL,, 17.00, 20.65
316,AB,10,ABIE,BAL,, 17.50, 20.80
317,AB,10,ABIE,BAL,, 18.00, 20.94
318,AB,10,ABIE,BAL,, 18.50, 21.08
319,AB,10,ABIE,BAL,, 19.00, 21.21
320,AB,10,ABIE,BAL,, 19.50, 21.34
321,AB,10,ABIE,BAL,, 20.00, 21.47
322,AB,10,ABIE,BAL,, 20.50, 21.60
323,AB,10,ABIE,BAL,, 21.00, 21.73
324,AB,10,ABIE,BAL,, 21.50, 21.85
325,AB,10,ABIE,BAL,, 22.00, 21.97
326,AB,10,ABIE,BAL,, 22.50, 22.09
327,AB,10,ABIE,BAL,, 23.00, 22.21
328,AB,10,ABIE,BAL,, 23.50, 22.32
329,AB,10,ABIE,BAL,, 24.00, 22.44
330,AB,10,ABIE,BAL,, 24.50, 22.55
331,AB,10,ABIE,BAL,, 25.00, 22.66
332,AB,10,ABIE,BAL,, 25.50, 22.76
333,AB,10,ABIE,BAL,, 26.00, 22.87
334,AB,10,ABIE,BAL,, 26.50, 22.98
335,AB,10,ABIE,BAL,, 27.00, 23.08
336,AB,10,ABIE,BAL,, 27.50, 23.18
337,AB,10,ABIE,BAL,, 28.00, 23.28
338,AB,10,ABIE,BAL,, 28.50, 23.38
339,AB,10,ABIE,BAL,, 29.00, 23.48
340,AB,10,ABIE,BAL,, 29.50, 23.57
341,AB,10,ABIE,BAL,, 30.00, 23.67
342,AB,14,ABIE,BAL,, 15.00, 20.04
343,AB,14,ABIE,BAL,, 15.50, 20.20
344,AB,14,ABIE,BAL,, 16.00, 20.35
345,AB,14,ABIE,BAL,, 16.50, 20.50
346,AB,14,ABIE,BAL,, 17.00, 20.65
347,AB,14,ABIE,BAL,, 17.50, 20.80
348,AB,14,ABIE,BAL,, 18.00, 20.94
349,AB,14,ABIE,BAL,, 18.50, 21.08
350,AB,14,ABIE,BAL,, 19.00, 21.21
351,AB,14,ABIE,BAL,, 19.50, 21.34
352,AB,14,ABIE,BAL,, 20.00, 21.47
353,AB,14,ABIE,BAL,, 20.50, 21.60
354,AB,14,ABIE,BAL,, 21.00, 21.73
355,AB,14,ABIE,BAL,, 21.50, 21.85
356,AB,14,ABIE,BAL,, 22.00, 21.97
357,AB,14,ABIE,BAL,, 22.50, 22.09
358,AB,14,ABIE,BAL,, 23.00, 22.21
359,AB,14,ABIE,BAL,, 23.50, 22.32
360,AB,14,ABIE,BAL,, 24.00, 22.44
361,AB,14,ABIE,BAL,, 24.50, 22.55
362,AB,14,ABIE,BAL,, 25.00, 22.66
363,AB,14,ABIE,BAL,, 25.50, 22.76
364,AB,14,ABIE,BAL,, 26.00, 22.87
365,AB,14,ABIE,BAL,, 26.50, 22.98
366,AB,14,ABIE,BAL,, 27.00, 23.08
367,AB,14,ABIE,BAL,, 27.50, 23.18
368,AB,14,ABIE,BAL,, 28.00, 23.28
369,AB,14,ABIE,BAL,, 28.50, 23.38
370,AB,14,ABIE,BAL,, 29.00, 23.48
371,AB,14,ABIE,BAL,, 29.50, 23.57
372,AB,14,ABIE,BAL,, 30.00, 23.67
373,AB,4,BETU,PAP,PAP, 15.00, 23.59
374,AB,4,BETU,PAP,PAP, 15.50, 23.60
375,AB,4,BETU,PAP,PAP, 16.00, 23.62
376,AB,4,BETU,PAP,PAP, 16.50, 23.64
377,AB,4,BETU,PAP,PAP, 17.00, 23.65
378,AB,4,BETU,PAP,PAP, 17.50, 23.67
379,AB,4,BETU,PAP,PAP, 18.00, 23.69
380,AB,4,BETU,PAP,PAP, 18.50, 23.70
381,AB,4,BETU,PAP,PAP, 19.00, 23.72
382,AB,4,BETU,PAP,PAP, 19.50, 23.73
383,AB,4,BETU,PAP,PAP, 20.00, 23.74
384,AB,4,BETU,PAP,PAP, 20.50, 23.76
385,AB,4,BETU,PAP,PAP, 21.00, 23.77
386,AB,4,BETU,PAP,PAP, 21.50, 23.78
387,AB,4,BETU,PAP,PAP, 22.00, 23.80
388,AB,4,BETU,PAP,PAP, 22.50, 23.81
389,AB,4,BETU,PAP,PAP, 23.00, 23.82
390,AB,4,BETU,PAP,PAP, 23.50, 23.83
391,AB,4,BETU,PAP,PAP, 24.00, 23.84
392,AB,4,BETU,PAP,PAP, 24.50, 23.86
393,AB,4,BETU,PAP,PAP, 25.00, 23.87
394,AB,4,BETU,PAP,PAP, 25.50, 23.88
395,AB,4,BETU,PAP,PAP, 26.00, 23.89
396,AB,4,BETU,PAP,PAP, 26.50, 23.90
397,AB,4,BETU,PAP,PAP, 27.00, 23.91
398,AB,4,BETU,PAP,PAP, 27.50, 23.92
399,AB,4,BETU,PAP,PAP, 28.00, 23.93
400,AB,4,BETU,PAP,PAP, 28.50, 23.94
401,AB,4,BETU,PAP,PAP, 29.00, 23.95
402,AB,4,BETU,PAP,PAP, 29.50, 23.96
403,AB,4,BETU,PAP,PAP, 30.00, 23.97
404,AB,5,BETU,PAP,PAP, 15.00, 23.59
405,AB,5,BETU,PAP,PAP, 15.50, 23.60
406,AB,5,BETU,PAP,PAP, 16.00, 23.62
407,AB,5,BETU,PAP,PAP, 16.50, 23.64
408,AB,5,BETU,PAP,PAP, 17.00, 23.65
409,AB,5,BETU,PAP,PAP, 17.50, 23.67
410,AB,5,BETU,PAP,PAP, 18.00, 23.69
411,AB,5,BETU,PAP,PAP, 18.50, 23.70
412,AB,5,BETU,PAP,PAP, 19.00, 23.72
413,AB,5,BETU,PAP,PAP, 19.50, 23.73
414,AB,5,BETU,PAP,PAP, 20.00, 23.74
415,AB,5,BETU,PAP,PAP, 20.50, 23.76
416,AB,5,BETU,PAP,PAP, 21.00, 23.77
417,AB,5,BETU,PAP,PAP, 21.50, 23.78
418,AB,5,BETU,PAP,PAP, 22.00, 23.80
419,AB,5,BETU,PAP,PAP, 22.50, 23.81
420,AB,5,BETU,PAP,PAP, 23.00, 23.82
421,AB,5,BETU,PAP,PAP, 23.50, 23.83
422,AB,5,BETU,PAP,PAP, 24.00, 23.84
423,AB,5,BETU,PAP,PAP, 24.50, 23.86
424,AB,5,BETU,PAP,PAP, 25.00, 23.87
425,AB,5,BETU,PAP,PAP, 25.50, 23.88
426,AB,5,BETU,PAP,PAP, 26.00, 23.89
427,AB,5,BETU,PAP,PAP, 26.50, 23.90
428,AB,5,BETU,PAP,PAP, 27.00, 23.91
429,AB,5,BETU,PAP,PAP, 27.50, 23.92
430,AB,5,BETU,PAP,PAP, 28.00, 23.93
431,AB,5,BETU,PAP,PAP, 28.50, 23.94
432,AB,5,BETU,PAP,PAP, 29.00, 23.95
433,AB,5,BETU,PAP,PAP, 29.50, 23.96
434,AB,5,BETU,PAP,PAP, 30.00, 23.97
435,AB,6,BETU,PAP,PAP, 15.00, 23.59
436,AB,6,BETU,PAP,PAP, 15.50, 23.60
437,AB,6,BETU,PAP,PAP, 16.00, 23.62
438,AB,6,BETU,PAP,PAP, 16.50, 23.64
439,AB,6,BETU,PAP,PAP, 17.00, 23.65
440,AB,6,BETU,PAP,PAP, 17.50, 23.67
441,AB,6,BETU,PAP,PAP, 18.00, 23.69
442,AB,6,BETU,PAP,PAP, 18.50, 23.70
443,AB,6,BETU,PAP,PAP, 19.00, 23.72
444,AB,6,BETU,PAP,PAP, 19.50, 23.73
445,AB,6,BETU,PAP,PAP, 20.00, 23.74
446,AB,6,BETU,PAP,PAP, 20.50, 23.76
447,AB,6,BETU,PAP,PAP, 21.00, 23.77
448,AB,6,BETU,PAP,PAP, 21.50, 23.78
449,AB,6,BETU,PAP,PAP, 22.00, 23.80
450,AB,6,BETU,PAP,PAP, 22.50, 23.81
451,AB,6,BETU,PAP,PAP, 23.00, 23.82
452,AB,6,BETU,PAP,PAP, 23.50, 23.83
453,AB,6,BETU,PAP,PAP, 24.00, 23.84
454,AB,6,BETU,PAP,PAP, 24.50, 23.86
455,AB,6,BETU,PAP,PAP, 25.00, 23.87
456,AB,6,BETU,PAP,PAP, 25.50, 23.88
457,AB,6,BETU,PAP,PAP, 26.00, 23.89
458,AB,6,BETU,PAP,PAP, 26.50, 23.90
459,AB,6,BETU,PAP,PAP, 27.00, 23.91
460,AB,6,BETU,PAP,PAP, 27.50, 23.92
461,AB,6,BETU,PAP,PAP, 28.00, 23.93
462,AB,6,BETU,PAP,PAP, 28.50, 23.94
463,AB,6,BETU,PAP,PAP, 29.00, 23.95
464,AB,6,BETU,PAP,PAP, 29.50, 23.96
465,AB,6,BETU,PAP,PAP, 30.00, 23.97
466,AB,9,BETU,PAP,PAP, 15.00, 23.59
467,AB,9,BETU,PAP,PAP, 15.50, 23.60
468,AB,9,BETU,PAP,PAP, 16.00, 23.62
469,AB,9,BETU,PAP,PAP, 16.50, 23.64
470,AB,9,BETU,PAP,PAP, 17.00, 23.65
471,AB,9,BETU,PAP,PAP, 17.50, 23.67
472,AB,9,BETU,PAP,PAP, 18.00, 23.69
473,AB,9,BETU,PAP,PAP, 18.50, 23.70
474,AB,9,BETU,PAP,PAP, 19.00, 23.72
475,AB,9,BETU,PAP,PAP, 19.50, 23.73
476,AB,9,BETU,PAP,PAP, 20.00, 23.74
477,AB,9,BETU,PAP,PAP, 20.50, 23.76
478,AB,9,BETU,PAP,PAP, 21.00, 23.77
479,AB,9,BETU,PAP,PAP, 21.50, 23.78
480,AB,9,BETU,PAP,PAP, 22.00, 23.80
481,AB,9,BETU,PAP,PAP, 22.50, 23.81
482,AB,9,BETU,PAP,PAP, 23.00, 23.82
483,AB,9,BETU,PAP,PAP, 23.50, 23.83
484,AB,9,BETU,PAP,PAP, 24.00, 23.84
485,AB,9,BETU,PAP,PAP, 24.50, 23.86
486,AB,9,BETU,PAP,PAP, 25.00, 23.87
487,AB,9,BETU,PAP,PAP, 25.50, 23.88
488,AB,9,BETU,PAP,PAP, 26.00, 23.89
489,AB,9,BETU,PAP,PAP, 26.50, 23.90
490,AB,9,BETU,PAP,PAP, 27.00, 23.91
491,AB,9,BETU,PAP,PAP, 27.50, 23.92
492,AB,9,BETU,PAP,PAP, 28.00, 23.93
493,AB,9,BETU,PAP,PAP, 28.50, 23.94
494,AB,9,BETU,PAP,PAP, 29.00, 23.95
495,AB,9,BETU,PAP,PAP, 29.50, 23.96
496,AB,9,BETU,PAP,PAP, 30.00, 23.97
497,AB,10,BETU,PAP,PAP, 15.00, 23.59
498,AB,10,BETU,PAP,PAP, 15.50, 23.60
499,AB,10,BETU,PAP,PAP, 16.00, 23.62
500,AB,10,BETU,PAP,PAP, 16.50, 23.64
501,AB,10,BETU,PAP,PAP, 17.00, 23.65
502,AB,10,BETU,PAP,PAP, 17.50, 23.67
503,AB,10,BETU,PAP,PAP, 18.00, 23.69
504,AB,10,BETU,PAP,PAP, 18.50, 23.70
505,AB,10,BETU,PAP,PAP, 19.00, 23.72
506,AB,10,BETU,PAP,PAP, 19.50, 23.73
507,AB,10,BETU,PAP,PAP, 20.00, 23.74
508,AB,10,BETU,PAP,PAP, 20.50, 23.76
509,AB,10,BETU,PAP,PAP, 21.00, 23.77
510,AB,10,BETU,PAP,PAP, 21.50, 23.78
511,AB,10,BETU,PAP,PAP, 22.00, 23.80
512,AB,10,BETU,PAP,PAP, 22.50, 23.81
513,AB,10,BETU,PAP,PAP, 23.00, 23.82
514,AB,10,BETU,PAP,PAP, 23.50, 23.83
515,AB,10,BETU,PAP,PAP, 24.00, 23.84
516,AB,10,BETU,PAP,PAP, 24.50, 23.86
517,AB,10,BETU,PAP,PAP, 25.00, 23.87
518,AB,10,BETU,PAP,PAP, 25.50, 23.88
519,AB,10,BETU,PAP,PAP, 26.00, 23.89
520,AB,10,BETU,PAP,PAP, 26.50, 23.90
521,AB,10,BETU,PAP,PAP, 27.00, 23.91
522,AB,10,BETU,PAP,PAP, 27.50, 23.92
523,AB,10,BETU,PAP,PAP, 28.00, 23.93
524,AB,10,BETU,PAP,PAP, 28.50, 23.94
525,AB,10,BETU,PAP,PAP, 29.00, 23.95
526,AB,10,BETU,PAP,PAP, 29.50, 23.96
527,AB,10,BETU,PAP,PAP, 30.00, 23.97
528,AB,14,BETU,PAP,PAP, 15.00, 23.59
529,AB,14,BETU,PAP,PAP, 15.50, 23.60
530,AB,14,BETU,PAP,PAP, 16.00, 23.62
531,AB,14,BETU,PAP,PAP, 16.50, 23.64
532,AB,14,BETU,PAP,PAP, 17.00, 23.65
533,AB,14,BETU,PAP,PAP, 17.50, 23.67
534,AB,14,BETU,PAP,PAP, 18.00, 23.69
535,AB,14,BETU,PAP,PAP, 18.50, 23.70
536,AB,14,BETU,PAP,PAP, 19.00, 23.72
537,AB,14,BETU,PAP,PAP, 19.50, 23.73
538,AB,14,BETU,PAP,PAP, 20.00, 23.74
539,AB,14,BETU,PAP,PAP, 20.50, 23.76
540,AB,14,BETU,PAP,PAP, 21.00, 23.77
541,AB,14,BETU,PAP,PAP, 21.50, 23.78
542,AB,14,BETU,PAP,PAP, 22.00, 23.80
543,AB,14,BETU,PAP,PAP, 22.50, 23.81
544,AB,14,BETU,PAP,PAP, 23.00, 23.82
545,AB,14,BETU,PAP,PAP, 23.50, 23.83
546,AB,14,BETU,PAP,PAP, 24.00, 23.84
547,AB,14,BETU,PAP,PAP, 24.50, 23.86
548,AB,14,BETU,PAP,PAP, 25.00, 23.87
549,AB,14,BETU,PAP,PAP, 25.50, 23.88
550,AB,14,BETU,PAP,PAP, 26.00, 23.89
551,AB,14,BETU,PAP,PAP, 26.50, 23.90
552,AB,14,BETU,PAP,PAP, 27.00, 23.91
553,AB,14,BETU,PAP,PAP, 27.50, 23.92
554,AB,14,BETU,PAP,PAP, 28.00, 23.93
555,AB,14,BETU,PAP,PAP, 28.50, 23.94
556,AB,14,BETU,PAP,PAP, 29.00, 23.95
557,AB,14,BETU,PAP,PAP, 29.50, 23.96
558,AB,14,BETU,PAP,PAP, 30.00, 23.97
559,AB,4,LARI,LAR,, 15.00, 24.35
560,AB,4,LARI,LAR,, 15.50, 24.09
561,AB,4,LARI,LAR,, 16.00, 23.84
562,AB,4,LARI,LAR,, 16.50, 23.60
563,AB,4,LARI,LAR,, 17.00, 23.37
564,AB,4,LARI,LAR,, 17.50, 23.15
565,AB,4,LARI,LAR,, 18.00, 22.94
566,AB,4,LARI,LAR,, 18.50, 22.73
567,AB,4,LARI,LAR,, 19.00, 22.53
568,AB,4,LARI,LAR,, 19.50, 22.34
569,AB,4,LARI,LAR,, 20.00, 22.16
570,AB,4,LARI,LAR,, 20.50, 21.98
571,AB,4,LARI,LAR,, 21.00, 21.80
572,AB,4,LARI,LAR,, 21.50, 21.64
573,AB,4,LARI,LAR,, 22.00, 21.47
574,AB,4,LARI,LAR,, 22.50, 21.32
575,AB,4,LARI,LAR,, 23.00, 21.16
576,AB,4,LARI,LAR,, 23.50, 21.01
577,AB,4,LARI,LAR,, 24.00, 20.87
578,AB,4,LARI,LAR,, 24.50, 20.73
579,AB,4,LARI,LAR,, 25.00, 20.59
580,AB,4,LARI,LAR,, 25.50, 20.46
581,AB,4,LARI,LAR,, 26.00, 20.33
582,AB,4,LARI,LAR,, 26.50, 20.20
583,AB,4,LARI,LAR,, 27.00, 20.08
584,AB,4,LARI,LAR,, 27.50, 19.96
585,AB,4,LARI,LAR,, 28.00, 19.84
586,AB,4,LARI,LAR,, 28.50, 19.72
587,AB,4,LARI,LAR,, 29.00, 19.61
588,AB,4,LARI,LAR,, 29.50, 19.50
589,AB,4,LARI,LAR,, 30.00, 19.39
590,AB,5,LARI,LAR,, 15.00, 24.35
591,AB,5,LARI,LAR,, 15.50, 24.09
592,AB,5,LARI,LAR,, 16.00, 23.84
593,AB,5,LARI,LAR,, 16.50, 23.60
594,AB,5,LARI,LAR,, 17.00, 23.37
595,AB,5,LARI,LAR,, 17.50, 23.15
596,AB,5,LARI,LAR,, 18.00, 22.94
597,AB,5,LARI,LAR,, 18.50, 22.73
598,AB,5,LARI,LAR,, 19.00, 22.53
599,AB,5,LARI,LAR,, 19.50, 22.34
600,AB,5,LARI,LAR,, 20.00, 22.16
601,AB,5,LARI,LAR,, 20.50, 21.98
602,AB,5,LARI,LAR,, 21.00, 21.80
603,AB,5,LARI,LAR,, 21.50, 21.64
604,AB,5,LARI,LAR,, 22.00, 21.47
605,AB,5,LARI,LAR,, 22.50, 21.32
606,AB,5,LARI,LAR,, 23.00, 21.16
607,AB,5,LARI,LAR,, 23.50, 21.01
608,AB,5,LARI,LAR,, 24.00, 20.87
609,AB,5,LARI,LAR,, 24.50, 20.73
610,AB,5,LARI,LAR,, 25.00, 20.59
611,AB,5,LARI,LAR,, 25.50, 20.46
612,AB,5,LARI,LAR,, 26.00, 20.33
613,AB,5,LARI,LAR,, 26.50, 20.20
614,AB,5,LARI,LAR,, 27.00, 20.08
615,AB,5,LARI,LAR,, 27.50, 19.96
616,AB,5,LARI,LAR,, 28.00, 19.84
617,AB,5,LARI,LAR,, 28.50, 19.72
618,AB,5,LARI,LAR,, 29.00, 19.61
619,AB,5,LARI,LAR,, 29.50, 19.50
620,AB,5,LARI,LAR,, 30.00, 19.39
621,AB,6,LARI,LAR,, 15.00, 24.35
622,AB,6,LARI,LAR,, 15.50, 24.09
623,AB,6,LARI,LAR,, 16.00, 23.84
624,AB,6,LARI,LAR,, 16.50, 23.60
625,AB,6,LARI,LAR,, 17.00, 23.37
626,AB,6,LARI,LAR,, 17.50, 23.15
627,AB,6,LARI,LAR,, 18.00, 22.94
628,AB,6,LARI,LAR,, 18.50, 22.73
629,AB,6,LARI,LAR,, 19.00, 22.53
630,AB,6,LARI,LAR,, 19.50, 22.34
631,AB,6,LARI,LAR,, 20.00, 22.16
632,AB,6,LARI,LAR,, 20.50, 21.98
633,AB,6,LARI,LAR,, 21.00, 21.80
634,AB,6,LARI,LAR,, 21.50, 21.64
635,AB,6,LARI,LAR,, 22.00, 21.47
636,AB,6,LARI,LAR,, 22.50, 21.32
637,AB,6,LARI,LAR,, 23.00, 21.16
638,AB,6,LARI,LAR,, 23.50, 21.01
639,AB,6,LARI,LAR,, 24.00, 20.87
640,AB,6,LARI,LAR,, 24.50, 20.73
641,AB,6,LARI,LAR,, 25.00, 20.59
642,AB,6,LARI,LAR,, 25.50, 20.46
643,AB,6,LARI,LAR,, 26.00, 20.33
644,AB,6,LARI,LAR,, 26.50, 20.20
645,AB,6,LARI,LAR,, 27.00, 20.08
646,AB,6,LARI,LAR,, 27.50, 19.96
647,AB,6,LARI,LAR,, 28.00, 19.84
648,AB,6,LARI,LAR,, 28.50, 19.72
649,AB,6,LARI,LAR,, 29.00, 19.61
650,AB,6,LARI,LAR,, 29.50, 19.50
651,AB,6,LARI,LAR,, 30.00, 19.39
652,AB,9,LARI,LAR,, 15.00, 24.35
653,AB,9,LARI,LAR,, 15.50, 24.09
654,AB,9,LARI,LAR,, 16.00, 23.84
655,AB,9,LARI,LAR,, 16.50, 23.60
656,AB,9,LARI,LAR,, 17.00, 23.37
657,AB,9,LARI,LAR,, 17.50, 23.15
658,AB,9,LARI,LAR,, 18.00, 22.94
659,AB,9,LARI,LAR,, 18.50, 22.73
660,AB,9,LARI,LAR,, 19.00, 22.53
661,AB,9,LARI,LAR,, 19.50, 22.34
662,AB,9,LARI,LAR,, 20.00, 22.16
663,AB,9,LARI,LAR,, 20.50, 21.98
664,AB,9,LARI,LAR,, 21.00, 21.80
665,AB,9,LARI,LAR,, 21.50, 21.64
666,AB,9,LARI,LAR,, 22.00, 21.47
667,AB,9,LARI,LAR,, 22.50, 21.32
668,AB,9,LARI,LAR,, 23.00, 21.16
669,AB,9,LARI,LAR,, 23.50, 21.01
670,AB,9,LARI,LAR,, 24.00, 20.87
671,AB,9,LARI,LAR,, 24.50, 20.73
672,AB,9,LARI,LAR,, 25.00, 20.59
673,AB,9,LARI,LAR,, 25.50, 20.46
674,AB,9,LARI,LAR,, 26.00, 20.33
675,AB,9,LARI,LAR,, 26.50, 20.20
676,AB,9,LARI,LAR,, 27.00, 20.08
677,AB,9,LARI,LAR,, 27.50, 19.96
678,AB,9,LARI,LAR,, 28.00, 19.84
679,AB,9,LARI,LAR,, 28.50, 19.72
680,AB,9,LARI,LAR,, 29.00, 19.61
681,AB,9,LARI,LAR,, 29.50, 19.50
682,AB,9,LARI,LAR,, 30.00, 19.39
683,AB,10,LARI,LAR,, 15.00, 24.35
684,AB,10,LARI,LAR,, 15.50, 24.09
685,AB,10,LARI,LAR,, 16.00, 23.84
686,AB,10,LARI,LAR,, 16.50, 23.60
687,AB,10,LARI,LAR,, 17.00, 23.37
688,AB,10,LARI,LAR,, 17.50, 23.15
689,AB,10,LARI,LAR,, 18.00, 22.94
690,AB,10,LARI,LAR,, 18.50, 22.73
691,AB,10,LARI,LAR,, 19.00, 22.53
692,AB,10,LARI,LAR,, 19.50, 22.34
693,AB,10,LARI,LAR,, 20.00, 22.16
694,AB,10,LARI,LAR,, 20.50, 21.98
695,AB,10,LARI,LAR,, 21.00, 21.80
696,AB,10,LARI,LAR,, 21.50, 21.64
697,AB,10,LARI,LAR,, 22.00, 21.47
698,AB,10,LARI,LAR,, 22.50, 21.32
699,AB,10,LARI,LAR,, 23.00, 21.16
700,AB,10,LARI,LAR,, 23.50, 21.01
701,AB,10,LARI,LAR,, 24.00, 20.87
702,AB,10,LARI,LAR,, 24.50, 20.73
703,AB,10,LARI,LAR,, 25.00, 20.59
704,AB,10,LARI,LAR,, 25.50, 20.46
705,AB,10,LARI,LAR,, 26.00, 20.33
706,AB,10,LARI,LAR,, 26.50, 20.20
707,AB,10,LARI,LAR,, 27.00, 20.08
708,AB,10,LARI,LAR,, 27.50, 19.96
709,AB,10,LARI,LAR,, 28.00, 19.84
710,AB,10,LARI,LAR,, 28.50, 19.72
711,AB,10,LARI,LAR,, 29.00, 19.61
712,AB,10,LARI,LAR,, 29.50, 19.50
713,AB,10,LARI,LAR,, 30.00, 19.39
714,AB,14,LARI,LAR,, 15.00, 24.35
715,AB,14,LARI,LAR,, 15.50, 24.09
716,AB,14,LARI,LAR,, 16.00, 23.84
717,AB,14,LARI,LAR,, 16.50, 23.60
718,AB,14,LARI,LAR,, 17.00, 23.37
719,AB,14,LARI,LAR,, 17.50, 23.15
720,AB,14,LARI,LAR,, 18.00, 22.94
721,AB,14,LARI,LAR,, 18.50, 22.73
722,AB,14,LARI,LAR,, 19.00, 22.53
723,AB,14,LARI,LAR,, 19.50, 22.34
724,AB,14,LARI,LAR,, 20.00, 22.16
725,AB,14,LARI,LAR,, 20.50, 21.98
726,AB,14,LARI,LAR,, 21.00, 21.80
727,AB,14,LARI,LAR,, 21.50, 21.64
728,AB,14,LARI,LAR,, 22.00, 21.47
729,AB,14,LARI,LAR,, 22.50, 21.32
730,AB,14,LARI,LAR,, 23.00, 21.16
731,AB,14,LARI,LAR,, 23.50, 21.01
732,AB,14,LARI,LAR,, 24.00, 20.87
733,AB,14,LARI,LAR,, 24.50, 20.73
734,AB,14,LARI,LAR,, 25.00, 20.59
735,AB,14,LARI,LAR,, 25.50, 20.46
736,AB,14,LARI,LAR,, 26.00, 20.33
737,AB,14,LARI,LAR,, 26.50, 20.20
738,AB,14,LARI,LAR,, 27.00, 20.08
739,AB,14,LARI,LAR,, 27.50, 19.96
740,AB,14,LARI,LAR,, 28.00, 19.84
741,AB,14,LARI,LAR,, 28.50, 19.72
742,AB,14,LARI,LAR,, 29.00, 19.61
743,AB,14,LARI,LAR,, 29.50, 19.50
744,AB,14,LARI,LAR,, 30.00, 19.39
745,AB,4,PICE,ENG,, 15.00, 13.80
746,AB,4,PICE,ENG,, 15.50, 14.13
747,AB,4,PICE,ENG,, 16.00, 14.46
748,AB,4,PICE,ENG,, 16.50, 14.78
749,AB,4,PICE,ENG,, 17.00, 15.11
750,AB,4,PICE,ENG,, 17.50, 15.43
751,AB,4,PICE,ENG,, 18.00, 15.74
752,AB,4,PICE,ENG,, 18.50, 16.06
753,AB,4,PICE,ENG,, 19.00, 16.37
754,AB,4,PICE,ENG,, 19.50, 16.68
755,AB,4,PICE,ENG,, 20.00, 16.99
756,AB,4,PICE,ENG,, 20.50, 17.29
757,AB,4,PICE,ENG,, 21.00, 17.60
758,AB,4,PICE,ENG,, 21.50, 17.90
759,AB,4,PICE,ENG,, 22.00, 18.20
760,AB,4,PICE,ENG,, 22.50, 18.50
761,AB,4,PICE,ENG,, 23.00, 18.79
762,AB,4,PICE,ENG,, 23.50, 19.09
763,AB,4,PICE,ENG,, 24.00, 19.38
764,AB,4,PICE,ENG,, 24.50, 19.67
765,AB,4,PICE,ENG,, 25.00, 19.96
766,AB,4,PICE,ENG,, 25.50, 20.25
767,AB,4,PICE,ENG,, 26.00, 20.53
768,AB,4,PICE,ENG,, 26.50, 20.82
769,AB,4,PICE,ENG,, 27.00, 21.10
770,AB,4,PICE,ENG,, 27.50, 21.38
771,AB,4,PICE,ENG,, 28.00, 21.66
772,AB,4,PICE,ENG,, 28.50, 21.94
773,AB,4,PICE,ENG,, 29.00, 22.22
774,AB,4,PICE,ENG,, 29.50, 22.49
775,AB,4,PICE,ENG,, 30.00, 22.77
776,AB,5,PICE,ENG,, 15.00, 13.80
777,AB,5,PICE,ENG,, 15.50, 14.13
778,AB,5,PICE,ENG,, 16.00, 14.46
779,AB,5,PICE,ENG,, 16.50, 14.78
780,AB,5,PICE,ENG,, 17.00, 15.11
781,AB,5,PICE,ENG,, 17.50, 15.43
782,AB,5,PICE,ENG,, 18.00, 15.74
783,AB,5,PICE,ENG,, 18.50, 16.06
784,AB,5,PICE,ENG,, 19.00, 16.37
785,AB,5,PICE,ENG,, 19.50, 16.68
786,AB,5,PICE,ENG,, 20.00, 16.99
787,AB,5,PICE,ENG,, 20.50, 17.29
788,AB,5,PICE,ENG,, 21.00, 17.60
789,AB,5,PICE,ENG,, 21.50, 17.90
790,AB,5,PICE,ENG,, 22.00, 18.20
791,AB,5,PICE,ENG,, 22.50, 18.50
792,AB,5,PICE,ENG,, 23.00, 18.79
793,AB,5,PICE,ENG,, 23.50, 19.09
794,AB,5,PICE,ENG,, 24.00, 19.38
795,AB,5,PICE,ENG,, 24.50, 19.67
796,AB,5,PICE,ENG,, 25.00, 19.96
797,AB,5,PICE,ENG,, 25.50, 20.25
798,AB,5,PICE,ENG,, 26.00, 20.53
799,AB,5,PICE,ENG,, 26.50, 20.82
800,AB,5,PICE,ENG,, 27.00, 21.10
801,AB,5,PICE,ENG,, 27.50, 21.38
802,AB,5,PICE,ENG,, 28.00, 21.66
803,AB,5,PICE,ENG,, 28.50, 21.94
804,AB,5,PICE,ENG,, 29.00, 22.22
805,AB,5,PICE,ENG,, 29.50, 22.49
806,AB,5,PICE,ENG,, 30.00, 22.77
807,AB,6,PICE,ENG,, 15.00, 13.80
808,AB,6,PICE,ENG,, 15.50, 14.13
809,AB,6,PICE,ENG,, 16.00, 14.46
810,AB,6,PICE,ENG,, 16.50, 14.78
811,AB,6,PICE,ENG,, 17.00, 15.11
812,AB,6,PICE,ENG,, 17.50, 15.43
813,AB,6,PICE,ENG,, 18.00, 15.74
814,AB,6,PICE,ENG,, 18.50, 16.06
815,AB,6,PICE,ENG,, 19.00, 16.37
816,AB,6,PICE,ENG,, 19.50, 16.68
817,AB,6,PICE,ENG,, 20.00, 16.99
818,AB,6,PICE,ENG,, 20.50, 17.29
819,AB,6,PICE,ENG,, 21.00, 17.60
820,AB,6,PICE,ENG,, 21.50, 17.90
821,AB,6,PICE,ENG,, 22.00, 18.20
822,AB,6,PICE,ENG,, 22.50, 18.50
823,AB,6,PICE,ENG,, 23.00, 18.79
824,AB,6,PICE,ENG,, 23.50, 19.09
825,AB,6,PICE,ENG,, 24.00, 19.38
826,AB,6,PICE,ENG,, 24.50, 19.67
827,AB,6,PICE,ENG,, 25.00, 19.96
828,AB,6,PICE,ENG,, 25.50, 20.25
829,AB,6,PICE,ENG,, 26.00, 20.53
830,AB,6,PICE,ENG,, 26.50, 20.82
831,AB,6,PICE,ENG,, 27.00, 21.10
832,AB,6,PICE,ENG,, 27.50, 21.38
833,AB,6,PICE,ENG,, 28.00, 21.66
834,AB,6,PICE,ENG,, 28.50, 21.94
835,AB,6,PICE,ENG,, 29.00, 22.22
836,AB,6,PICE,ENG,, 29.50, 22.49
837,AB,6,PICE,ENG,, 30.00, 22.77
838,AB,9,PICE,ENG,, 15.00, 13.80
839,AB,9,PICE,ENG,, 15.50, 14.13
840,AB,9,PICE,ENG,, 16.00, 14.46
841,AB,9,PICE,ENG,, 16.50, 14.78
842,AB,9,PICE,ENG,, 17.00, 15.11
843,AB,9,PICE,ENG,, 17.50, 15.43
844,AB,9,PICE,ENG,, 18.00, 15.74
845,AB,9,PICE,ENG,, 18.50, 16.06
846,AB,9,PICE,ENG,, 19.00, 16.37
847,AB,9,PICE,ENG,, 19.50, 16.68
848,AB,9,PICE,ENG,, 20.00, 16.99
849,AB,9,PICE,ENG,, 20.50, 17.29
850,AB,9,PICE,ENG,, 21.00, 17.60
851,AB,9,PICE,ENG,, 21.50, 17.90
852,AB,9,PICE,ENG,, 22.00, 18.20
853,AB,9,PICE,ENG,, 22.50, 18.50
854,AB,9,PICE,ENG,, 23.00, 18.79
855,AB,9,PICE,ENG,, 23.50, 19.09
856,AB,9,PICE,ENG,, 24.00, 19.38
857,AB,9,PICE,ENG,, 24.50, 19.67
858,AB,9,PICE,ENG,, 25.00, 19.96
859,AB,9,PICE,ENG,, 25.50, 20.25
860,AB,9,PICE,ENG,, 26.00, 20.53
861,AB,9,PICE,ENG,, 26.50, 20.82
862,AB,9,PICE,ENG,, 27.00, 21.10
863,AB,9,PICE,ENG,, 27.50, 21.38
864,AB,9,PICE,ENG,, 28.00, 21.66
865,AB,9,PICE,ENG,, 28.50, 21.94
866,AB,9,PICE,ENG,, 29.00, 22.22
867,AB,9,PICE,ENG,, 29.50, 22.49
868,AB,9,PICE,ENG,, 30.00, 22.77
869,AB,10,PICE,ENG,, 15.00, 13.80
870,AB,10,PICE,ENG,, 15.50, 14.13
871,AB,10,PICE,ENG,, 16.00, 14.46
872,AB,10,PICE,ENG,, 16.50, 14.78
873,AB,10,PICE,ENG,, 17.00, 15.11
874,AB,10,PICE,ENG,, 17.50, 15.43
875,AB,10,PICE,ENG,, 18.00, 15.74
876,AB,10,PICE,ENG,, 18.50, 16.06
877,AB,10,PICE,ENG,, 19.00, 16.37
878,AB,10,PICE,ENG,, 19.50, 16.68
879,AB,10,PICE,ENG,, 20.00, 16.99
880,AB,10,PICE,ENG,, 20.50, 17.29
881,AB,10,PICE,ENG,, 21.00, 17.60
882,AB,10,PICE,ENG,, 21.50, 17.90
883,AB,10,PICE,ENG,, 22.00, 18.20
884,AB,10,PICE,ENG,, 22.50, 18.50
885,AB,10,PICE,ENG,, 23.00, 18.79
886,AB,10,PICE,ENG,, 23.50, 19.09
887,AB,10,PICE,ENG,, 24.00, 19.38
888,AB,10,PICE,ENG,, 24.50, 19.67
889,AB,10,PICE,ENG,, 25.00, 19.96
890,AB,10,PICE,ENG,, 25.50, 20.25
891,AB,10,PICE,ENG,, 26.00, 20.53
892,AB,10,PICE,ENG,, 26.50, 20.82
893,AB,10,PICE,ENG,, 27.00, 21.10
894,AB,10,PICE,ENG,, 27.50, 21.38
895,AB,10,PICE,ENG,, 28.00, 21.66
896,AB,10,PICE,ENG,, 28.50, 21.94
897,AB,10,PICE,ENG,, 29.00, 22.22
898,AB,10,PICE,ENG,, 29.50, 22.49
899,AB,10,PICE,ENG,, 30.00, 22.77
900,AB,14,PICE,ENG,, 15.00, 13.80
901,AB,14,PICE,ENG,, 15.50, 14.13
902,AB,14,PICE,ENG,, 16.00, 14.46
903,AB,14,PICE,ENG,, 16.50, 14.78
904,AB,14,PICE,ENG,, 17.00, 15.11
905,AB,14,PICE,ENG,, 17.50, 15.43
906,AB,14,PICE,ENG,, 18.00, 15.74
907,AB,14,PICE,ENG,, 18.50, 16.06
908,AB,14,PICE,ENG,, 19.00, 16.37
909,AB,14,PICE,ENG,, 19.50, 16.68
910,AB,14,PICE,ENG,, 20.00, 16.99
911,AB,14,PICE,ENG,, 20.50, 17.29
912,AB,14,PICE,ENG,, 21.00, 17.60
913,AB,14,PICE,ENG,, 21.50, 17.90
914,AB,14,PICE,ENG,, 22.00, 18.20
915,AB,14,PICE,ENG,, 22.50, 18.50
916,AB,14,PICE,ENG,, 23.00, 18.79
917,AB,14,PICE,ENG,, 23.50, 19.09
918,AB,14,PICE,ENG,, 24.00, 19.38
919,AB,14,PICE,ENG,, 24.50, 19.67
920,AB,14,PICE,ENG,, 25.00, 19.96
921,AB,14,PICE,ENG,, 25.50, 20.25
922,AB,14,PICE,ENG,, 26.00, 20.53
923,AB,14,PICE,ENG,, 26.50, 20.82
924,AB,14,PICE,ENG,, 27.00, 21.10
925,AB,14,PICE,ENG,, 27.50, 21.38
926,AB,14,PICE,ENG,, 28.00, 21.66
927,AB,14,PICE,ENG,, 28.50, 21.94
928,AB,14,PICE,ENG,, 29.00, 22.22
929,AB,14,PICE,ENG,, 29.50, 22.49
930,AB,14,PICE,ENG,, 30.00, 22.77
931,AB,4,PICE,GLA,, 15.00, 17.30
932,AB,4,PICE,GLA,, 15.50, 17.53
933,AB,4,PICE,GLA,, 16.00, 17.76
934,AB,4,PICE,GLA,, 16.50, 17.99
935,AB,4,PICE,GLA,, 17.00, 18.21
936,AB,4,PICE,GLA,, 17.50, 18.43
937,AB,4,PICE,GLA,, 18.00, 18.64
938,AB,4,PICE,GLA,, 18.50, 18.85
939,AB,4,PICE,GLA,, 19.00, 19.06
940,AB,4,PICE,GLA,, 19.50, 19.26
941,AB,4,PICE,GLA,, 20.00, 19.46
942,AB,4,PICE,GLA,, 20.50, 19.66
943,AB,4,PICE,GLA,, 21.00, 19.86
944,AB,4,PICE,GLA,, 21.50, 20.05
945,AB,4,PICE,GLA,, 22.00, 20.24
946,AB,4,PICE,GLA,, 22.50, 20.43
947,AB,4,PICE,GLA,, 23.00, 20.61
948,AB,4,PICE,GLA,, 23.50, 20.79
949,AB,4,PICE,GLA,, 24.00, 20.97
950,AB,4,PICE,GLA,, 24.50, 21.15
951,AB,4,PICE,GLA,, 25.00, 21.33
952,AB,4,PICE,GLA,, 25.50, 21.50
953,AB,4,PICE,GLA,, 26.00, 21.67
954,AB,4,PICE,GLA,, 26.50, 21.84
955,AB,4,PICE,GLA,, 27.00, 22.01
956,AB,4,PICE,GLA,, 27.50, 22.18
957,AB,4,PICE,GLA,, 28.00, 22.34
958,AB,4,PICE,GLA,, 28.50, 22.50
959,AB,4,PICE,GLA,, 29.00, 22.67
960,AB,4,PICE,GLA,, 29.50, 22.82
961,AB,4,PICE,GLA,, 30.00, 22.98
962,AB,5,PICE,GLA,, 15.00, 17.30
963,AB,5,PICE,GLA,, 15.50, 17.53
964,AB,5,PICE,GLA,, 16.00, 17.76
965,AB,5,PICE,GLA,, 16.50, 17.99
966,AB,5,PICE,GLA,, 17.00, 18.21
967,AB,5,PICE,GLA,, 17.50, 18.43
968,AB,5,PICE,GLA,, 18.00, 18.64
969,AB,5,PICE,GLA,, 18.50, 18.85
970,AB,5,PICE,GLA,, 19.00, 19.06
971,AB,5,PICE,GLA,, 19.50, 19.26
972,AB,5,PICE,GLA,, 20.00, 19.46
973,AB,5,PICE,GLA,, 20.50, 19.66
974,AB,5,PICE,GLA,, 21.00, 19.86
975,AB,5,PICE,GLA,, 21.50, 20.05
976,AB,5,PICE,GLA,, 22.00, 20.24
977,AB,5,PICE,GLA,, 22.50, 20.43
978,AB,5,PICE,GLA,, 23.00, 20.61
979,AB,5,PICE,GLA,, 23.50, 20.79
980,AB,5,PICE,GLA,, 24.00, 20.97
981,AB,5,PICE,GLA,, 24.50, 21.15
982,AB,5,PICE,GLA,, 25.00, 21.33
983,AB,5,PICE,GLA,, 25.50, 21.50
984,AB,5,PICE,GLA,, 26.00, 21.67
985,AB,5,PICE,GLA,, 26.50, 21.84
986,AB,5,PICE,GLA,, 27.00, 22.01
987,AB,5,PICE,GLA,, 27.50, 22.18
988,AB,5,PICE,GLA,, 28.00, 22.34
989,AB,5,PICE,GLA,, 28.50, 22.50
990,AB,5,PICE,GLA,, 29.00, 22.67
991,AB,5,PICE,GLA,, 29.50, 22.82
992,AB,5,PICE,GLA,, 30.00, 22.98
993,AB,6,PICE,GLA,, 15.00, 17.30
994,AB,6,PICE,GLA,, 15.50, 17.53
995,AB,6,PICE,GLA,, 16.00, 17.76
996,AB,6,PICE,GLA,, 16.50, 17.99
997,AB,6,PICE,GLA,, 17.00, 18.21
998,AB,6,PICE,GLA,, 17.50, 18.43
999,AB,6,PICE,GLA,, 18.00, 18.64
1000,AB,6,PICE,GLA,, 18.50, 18.85
1001,AB,6,PICE,GLA,, 19.00, 19.06
1002,AB,6,PICE,GLA,, 19.50, 19.26
1003,AB,6,PICE,GLA,, 20.00, 19.46
1004,AB,6,PICE,GLA,, 20.50, 19.66
1005,AB,6,PICE,GLA,, 21.00, 19.86
1006,AB,6,PICE,GLA,, 21.50, 20.05
1007,AB,6,PICE,GLA,, 22.00, 20.24
1008,AB,6,PICE,GLA,, 22.50, 20.43
1009,AB,6,PICE,GLA,, 23.00, 20.61
1010,AB,6,PICE,GLA,, 23.50, 20.79
1011,AB,6,PICE,GLA,, 24.00, 20.97
1012,AB,6,PICE,GLA,, 24.50, 21.15
1013,AB,6,PICE,GLA,, 25.00, 21.33
1014,AB,6,PICE,GLA,, 25.50, 21.50
1015,AB,6,PICE,GLA,, 26.00, 21.67
1016,AB,6,PICE,GLA,, 26.50, 21.84
1017,AB,6,PICE,GLA,, 27.00, 22.01
1018,AB,6,PICE,GLA,, 27.50, 22.18
1019,AB,6,PICE,GLA,, 28.00, 22.34
1020,AB,6,PICE,GLA,, 28.50, 22.50
1021,AB,6,PICE,GLA,, 29.00, 22.67
1022,AB,6,PICE,GLA,, 29.50, 22.82
1023,AB,6,PICE,GLA,, 30.00, 22.98
1024,AB,9,PICE,GLA,, 15.00, 17.30
1025,AB,9,PICE,GLA,, 15.50, 17.53
1026,AB,9,PICE,GLA,, 16.00, 17.76
1027,AB,9,PICE,GLA,, 16.50, 17.99
1028,AB,9,PICE,GLA,, 17.00, 18.21
1029,AB,9,PICE,GLA,, 17.50, 18.43
1030,AB,9,PICE,GLA,, 18.00, 18.64
1031,AB,9,PICE,GLA,, 18.50, 18.85
1032,AB,9,PICE,GLA,, 19.00, 19.06
1033,AB,9,PICE,GLA,, 19.50, 19.26
1034,AB,9,PICE,GLA,, 20.00, 19.46
1035,AB,9,PICE,GLA,, 20.50, 19.66
1036,AB,9,PICE,GLA,, 21.00, 19.86
1037,AB,9,PICE,GLA,, 21.50, 20.05
1038,AB,9,PICE,GLA,, 22.00, 20.24
1039,AB,9,PICE,GLA,, 22.50, 20.43
1040,AB,9,PICE,GLA,, 23.00, 20.61
1041,AB,9,PICE,GLA,, 23.50, 20.79
1042,AB,9,PICE,GLA,, 24.00, 20.97
1043,AB,9,PICE,GLA,, 24.50, 21.15
1044,AB,9,PICE,GLA,, 25.00, 21.33
1045,AB,9,PICE,GLA,, 25.50, 21.50
1046,AB,9,PICE,GLA,, 26.00, 21.67
1047,AB,9,PICE,GLA,, 26.50, 21.84
1048,AB,9,PICE,GLA,, 27.00, 22.01
1049,AB,9,PICE,GLA,, 27.50, 22.18
1050,AB,9,PICE,GLA,, 28.00, 22.34
1051,AB,9,PICE,GLA,, 28.50, 22.50
1052,AB,9,PICE,GLA,, 29.00, 22.67
1053,AB,9,PICE,GLA,, 29.50, 22.82
1054,AB,9,PICE,GLA,, 30.00, 22.98
1055,AB,10,PICE,GLA,, 15.00, 17.30
1056,AB,10,PICE,GLA,, 15.50, 17.53
1057,AB,10,PICE,GLA,, 16.00, 17.76
1058,AB,10,PICE,GLA,, 16.50, 17.99
1059,AB,10,PICE,GLA,, 17.00, 18.21
1060,AB,10,PICE,GLA,, 17.50, 18.43
1061,AB,10,PICE,GLA,, 18.00, 18.64
1062,AB,10,PICE,GLA,, 18.50, 18.85
1063,AB,10,PICE,GLA,, 19.00, 19.06
1064,AB,10,PICE,GLA,, 19.50, 19.26
1065,AB,10,PICE,GLA,, 20.00, 19.46
1066,AB,10,PICE,GLA,, 20.50, 19.66
1067,AB,10,PICE,GLA,, 21.00, 19.86
1068,AB,10,PICE,GLA,, 21.50, 20.05
1069,AB,10,PICE,GLA,, 22.00, 20.24
1070,AB,10,PICE,GLA,, 22.50, 20.43
1071,AB,10,PICE,GLA,, 23.00, 20.61
1072,AB,10,PICE,GLA,, 23.50, 20.79
1073,AB,10,PICE,GLA,, 24.00, 20.97
1074,AB,10,PICE,GLA,, 24.50, 21.15
1075,AB,10,PICE,GLA,, 25.00, 21.33
1076,AB,10,PICE,GLA,, 25.50, 21.50
1077,AB,10,PICE,GLA,, 26.00, 21.67
1078,AB,10,PICE,GLA,, 26.50, 21.84
1079,AB,10,PICE,GLA,, 27.00, 22.01
1080,AB,10,PICE,GLA,, 27.50, 22.18
1081,AB,10,PICE,GLA,, 28.00, 22.34
1082,AB,10,PICE,GLA,, 28.50, 22.50
1083,AB,10,PICE,GLA,, 29.00, 22.67
1084,AB,10,PICE,GLA,, 29.50, 22.82
1085,AB,10,PICE,GLA,, 30.00, 22.98
1086,AB,14,PICE,GLA,, 15.00, 17.30
1087,AB,14,PICE,GLA,, 15.50, 17.53
1088,AB,14,PICE,GLA,, 16.00, 17.76
1089,AB,14,PICE,GLA,, 16.50, 17.99
1090,AB,14,PICE,GLA,, 17.00, 18.21
1091,AB,14,PICE,GLA,, 17.50, 18.43
1092,AB,14,PICE,GLA,, 18.00, 18.64
1093,AB,14,PICE,GLA,, 18.50, 18.85
1094,AB,14,PICE,GLA,, 19.00, 19.06
1095,AB,14,PICE,GLA,, 19.50, 19.26
1096,AB,14,PICE,GLA,, 20.00, 19.46
1097,AB,14,PICE,GLA,, 20.50, 19.66
1098,AB,14,PICE,GLA,, 21.00, 19.86
1099,AB,14,PICE,GLA,, 21.50, 20.05
1100,AB,14,PICE,GLA,, 22.00, 20.24
1101,AB,14,PICE,GLA,, 22.50, 20.43
1102,AB,14,PICE,GLA,, 23.00, 20.61
1103,AB,14,PICE,GLA,, 23.50, 20.79
1104,AB,14,PICE,GLA,, 24.00, 20.97
1105,AB,14,PICE,GLA,, 24.50, 21.15
1106,AB,14,PICE,GLA,, 25.00, 21.33
1107,AB,14,PICE,GLA,, 25.50, 21.50
1108,AB,14,PICE,GLA,, 26.00, 21.67
1109,AB,14,PICE,GLA,, 26.50, 21.84
1110,AB,14,PICE,GLA,, 27.00, 22.01
1111,AB,14,PICE,GLA,, 27.50, 22.18
1112,AB,14,PICE,GLA,, 28.00, 22.34
1113,AB,14,PICE,GLA,, 28.50, 22.50
1114,AB,14,PICE,GLA,, 29.00, 22.67
1115,AB,14,PICE,GLA,, 29.50, 22.82
1116,AB,14,PICE,GLA,, 30.00, 22.98
1117,AB,4,PICE,MAR,, 15.00, 23.68
1118,AB,4,PICE,MAR,, 15.50, 23.80
1119,AB,4,PICE,MAR,, 16.00, 23.91
1120,AB,4,PICE,MAR,, 16.50, 24.02
1121,AB,4,PICE,MAR,, 17.00, 24.13
1122,AB,4,PICE,MAR,, 17.50, 24.23
1123,AB,4,PICE,MAR,, 18.00, 24.34
1124,AB,4,PICE,MAR,, 18.50, 24.44
1125,AB,4,PICE,MAR,, 19.00, 24.53
1126,AB,4,PICE,MAR,, 19.50, 24.63
1127,AB,4,PICE,MAR,, 20.00, 24.72
1128,AB,4,PICE,MAR,, 20.50, 24.82
1129,AB,4,PICE,MAR,, 21.00, 24.91
1130,AB,4,PICE,MAR,, 21.50, 24.99
1131,AB,4,PICE,MAR,, 22.00, 25.08
1132,AB,4,PICE,MAR,, 22.50, 25.16
1133,AB,4,PICE,MAR,, 23.00, 25.25
1134,AB,4,PICE,MAR,, 23.50, 25.33
1135,AB,4,PICE,MAR,, 24.00, 25.41
1136,AB,4,PICE,MAR,, 24.50, 25.49
1137,AB,4,PICE,MAR,, 25.00, 25.57
1138,AB,4,PICE,MAR,, 25.50, 25.64
1139,AB,4,PICE,MAR,, 26.00, 25.72
1140,AB,4,PICE,MAR,, 26.50, 25.79
1141,AB,4,PICE,MAR,, 27.00, 25.86
1142,AB,4,PICE,MAR,, 27.50, 25.93
1143,AB,4,PICE,MAR,, 28.00, 26.00
1144,AB,4,PICE,MAR,, 28.50, 26.07
1145,AB,4,PICE,MAR,, 29.00, 26.14
1146,AB,4,PICE,MAR,, 29.50, 26.21
1147,AB,4,PICE,MAR,, 30.00, 26.27
1148,AB,5,PICE,MAR,, 15.00, 23.68
1149,AB,5,PICE,MAR,, 15.50, 23.80
1150,AB,5,PICE,MAR,, 16.00, 23.91
1151,AB,5,PICE,MAR,, 16.50, 24.02
1152,AB,5,PICE,MAR,, 17.00, 24.13
1153,AB,5,PICE,MAR,, 17.50, 24.23
1154,AB,5,PICE,MAR,, 18.00, 24.34
1155,AB,5,PICE,MAR,, 18.50, 24.44
1156,AB,5,PICE,MAR,, 19.00, 24.53
1157,AB,5,PICE,MAR,, 19.50, 24.63
1158,AB,5,PICE,MAR,, 20.00, 24.72
1159,AB,5,PICE,MAR,, 20.50, 24.82
1160,AB,5,PICE,MAR,, 21.00, 24.91
1161,AB,5,PICE,MAR,, 21.50, 24.99
1162,AB,5,PICE,MAR,, 22.00, 25.08
1163,AB,5,PICE,MAR,, 22.50, 25.16
1164,AB,5,PICE,MAR,, 23.00, 25.25
1165,AB,5,PICE,MAR,, 23.50, 25.33
1166,AB,5,PICE,MAR,, 24.00, 25.41
1167,AB,5,PICE,MAR,, 24.50, 25.49
1168,AB,5,PICE,MAR,, 25.00, 25.57
1169,AB,5,PICE,MAR,, 25.50, 25.64
1170,AB,5,PICE,MAR,, 26.00, 25.72
1171,AB,5,PICE,MAR,, 26.50, 25.79
1172,AB,5,PICE,MAR,, 27.00, 25.86
1173,AB,5,PICE,MAR,, 27.50, 25.93
1174,AB,5,PICE,MAR,, 28.00, 26.00
1175,AB,5,PICE,MAR,, 28.50, 26.07
1176,AB,5,PICE,MAR,, 29.00, 26.14
1177,AB,5,PICE,MAR,, 29.50, 26.21
1178,AB,5,PICE,MAR,, 30.00, 26.27
1179,AB,6,PICE,MAR,, 15.00, 23.68
1180,AB,6,PICE,MAR,, 15.50, 23.80
1181,AB,6,PICE,MAR,, 16.00, 23.91
1182,AB,6,PICE,MAR,, 16.50, 24.02
1183,AB,6,PICE,MAR,, 17.00, 24.13
1184,AB,6,PICE,MAR,, 17.50, 24.23
1185,AB,6,PICE,MAR,, 18.00, 24.34
1186,AB,6,PICE,MAR,, 18.50, 24.44
1187,AB,6,PICE,MAR,, 19.00, 24.53
1188,AB,6,PICE,MAR,, 19.50, 24.63
1189,AB,6,PICE,MAR,, 20.00, 24.72
1190,AB,6,PICE,MAR,, 20.50, 24.82
1191,AB,6,PICE,MAR,, 21.00, 24.91
1192,AB,6,PICE,MAR,, 21.50, 24.99
1193,AB,6,PICE,MAR,, 22.00, 25.08
1194,AB,6,PICE,MAR,, 22.50, 25.16
1195,AB,6,PICE,MAR,, 23.00, 25.25
1196,AB,6,PICE,MAR,, 23.50, 25.33
1197,AB,6,PICE,MAR,, 24.00, 25.41
1198,AB,6,PICE,MAR,, 24.50, 25.49
1199,AB,6,PICE,MAR,, 25.00, 25.57
1200,AB,6,PICE,MAR,, 25.50, 25.64
1201,AB,6,PICE,MAR,, 26.00, 25.72
1202,AB,6,PICE,MAR,, 26.50, 25.79
1203,AB,6,PICE,MAR,, 27.00, 25.86
1204,AB,6,PICE,MAR,, 27.50, 25.93
1205,AB,6,PICE,MAR,, 28.00, 26.00
1206,AB,6,PICE,MAR,, 28.50, 26.07
1207,AB,6,PICE,MAR,, 29.00, 26.14
1208,AB,6,PICE,MAR,, 29.50, 26.21
1209,AB,6,PICE,MAR,, 30.00, 26.27
1210,AB,9,PICE,MAR,, 15.00, 23.68
1211,AB,9,PICE,MAR,, 15.50, 23.80
1212,AB,9,PICE,MAR,, 16.00, 23.91
1213,AB,9,PICE,MAR,, 16.50, 24.02
1214,AB,9,PICE,MAR,, 17.00, 24.13
1215,AB,9,PICE,MAR,, 17.50, 24.23
1216,AB,9,PICE,MAR,, 18.00, 24.34
1217,AB,9,PICE,MAR,, 18.50, 24.44
1218,AB,9,PICE,MAR,, 19.00, 24.53
1219,AB,9,PICE,MAR,, 19.50, 24.63
1220,AB,9,PICE,MAR,, 20.00, 24.72
1221,AB,9,PICE,MAR,, 20.50, 24.82
1222,AB,9,PICE,MAR,, 21.00, 24.91
1223,AB,9,PICE,MAR,, 21.50, 24.99
1224,AB,9,PICE,MAR,, 22.00, 25.08
1225,AB,9,PICE,MAR,, 22.50, 25.16
1226,AB,9,PICE,MAR,, 23.00, 25.25
1227,AB,9,PICE,MAR,, 23.50, 25.33
1228,AB,9,PICE,MAR,, 24.00, 25.41
1229,AB,9,PICE,MAR,, 24.50, 25.49
1230,AB,9,PICE,MAR,, 25.00, 25.57
1231,AB,9,PICE,MAR,, 25.50, 25.64
1232,AB,9,PICE,MAR,, 26.00, 25.72
1233,AB,9,PICE,MAR,, 26.50, 25.79
1234,AB,9,PICE,MAR,, 27.00, 25.86
1235,AB,9,PICE,MAR,, 27.50, 25.93
1236,AB,9,PICE,MAR,, 28.00, 26.00
1237,AB,9,PICE,MAR,, 28.50, 26.07
1238,AB,9,PICE,MAR,, 29.00, 26.14
1239,AB,9,PICE,MAR,, 29.50, 26.21
1240,AB,9,PICE,MAR,, 30.00, 26.27
1241,AB,10,PICE,MAR,, 15.00, 23.68
1242,AB,10,PICE,MAR,, 15.50, 23.80
1243,AB,10,PICE,MAR,, 16.00, 23.91
1244,AB,10,PICE,MAR,, 16.50, 24.02
1245,AB,10,PICE,MAR,, 17.00, 24.13
1246,AB,10,PICE,MAR,, 17.50, 24.23
1247,AB,10,PICE,MAR,, 18.00, 24.34
1248,AB,10,PICE,MAR,, 18.50, 24.44
1249,AB,10,PICE,MAR,, 19.00, 24.53
1250,AB,10,PICE,MAR,, 19.50, 24.63
1251,AB,10,PICE,MAR,, 20.00, 24.72
1252,AB,10,PICE,MAR,, 20.50, 24.82
1253,AB,10,PICE,MAR,, 21.00, 24.91
1254,AB,10,PICE,MAR,, 21.50, 24.99
1255,AB,10,PICE,MAR,, 22.00, 25.08
1256,AB,10,PICE,MAR,, 22.50, 25.16
1257,AB,10,PICE,MAR,, 23.00, 25.25
1258,AB,10,PICE,MAR,, 23.50, 25.33
1259,AB,10,PICE,MAR,, 24.00, 25.41
1260,AB,10,PICE,MAR,, 24.50, 25.49
1261,AB,10,PICE,MAR,, 25.00, 25.57
1262,AB,10,PICE,MAR,, 25.50, 25.64
1263,AB,10,PICE,MAR,, 26.00, 25.72
1264,AB,10,PICE,MAR,, 26.50, 25.79
1265,AB,10,PICE,MAR,, 27.00, 25.86
1266,AB,10,PICE,MAR,, 27.50, 25.93
1267,AB,10,PICE,MAR,, 28.00, 26.00
1268,AB,10,PICE,MAR,, 28.50, 26.07
1269,AB,10,PICE,MAR,, 29.00, 26.14
1270,AB,10,PICE,MAR,, 29.50, 26.21
1271,AB,10,PICE,MAR,, 30.00, 26.27
1272,AB,14,PICE,MAR,, 15.00, 23.68
1273,AB,14,PICE,MAR,, 15.50, 23.80
1274,AB,14,PICE,MAR,, 16.00, 23.91
1275,AB,14,PICE,MAR,, 16.50, 24.02
1276,AB,14,PICE,MAR,, 17.00, 24.13
1277,AB,14,PICE,MAR,, 17.50, 24.23
1278,AB,14,PICE,MAR,, 18.00, 24.34
1279,AB,14,PICE,MAR,, 18.50, 24.44
1280,AB,14,PICE,MAR,, 19.00, 24.53
1281,AB,14,PICE,MAR,, 19.50, 24.63
1282,AB,14,PICE,MAR,, 20.00, 24.72
1283,AB,14,PICE,MAR,, 20.50, 24.82
1284,AB,14,PICE,MAR,, 21.00, 24.91
1285,AB,14,PICE,MAR,, 21.50, 24.99
1286,AB,14,PICE,MAR,, 22.00, 25.08
1287,AB,14,PICE,MAR,, 22.50, 25.16
1288,AB,14,PICE,MAR,, 23.00, 25.25
1289,AB,14,PICE,MAR,, 23.50, 25.33
1290,AB,14,PICE,MAR,, 24.00, 25.41
1291,AB,14,PICE,MAR,, 24.50, 25.49
1292,AB,14,PICE,MAR,, 25.00, 25.57
1293,AB,14,PICE,MAR,, 25.50, 25.64
1294,AB,14,PICE,MAR,, 26.00, 25.72
1295,AB,14,PICE,MAR,, 26.50, 25.79
1296,AB,14,PICE,MAR,, 27.00, 25.86
1297,AB,14,PICE,MAR,, 27.50, 25.93
1298,AB,14,PICE,MAR,, 28.00, 26.00
1299,AB,14,PICE,MAR,, 28.50, 26.07
1300,AB,14,PICE,MAR,, 29.00, 26.14
1301,AB,14,PICE,MAR,, 29.50, 26.21
1302,AB,14,PICE,MAR,, 30.00, 26.27
1303,AB,4,PINU,BAN,, 15.00, 18.50
1304,AB,4,PINU,BAN,, 15.50, 18.54
1305,AB,4,PINU,BAN,, 16.00, 18.58
1306,AB,4,PINU,BAN,, 16.50, 18.62
1307,AB,4,PINU,BAN,, 17.00, 18.66
1308,AB,4,PINU,BAN,, 17.50, 18.69
1309,AB,4,PINU,BAN,, 18.00, 18.73
1310,AB,4,PINU,BAN,, 18.50, 18.76
1311,AB,4,PINU,BAN,, 19.00, 18.79
1312,AB,4,PINU,BAN,, 19.50, 18.82
1313,AB,4,PINU,BAN,, 20.00, 18.86
1314,AB,4,PINU,BAN,, 20.50, 18.89
1315,AB,4,PINU,BAN,, 21.00, 18.92
1316,AB,4,PINU,BAN,, 21.50, 18.94
1317,AB,4,PINU,BAN,, 22.00, 18.97
1318,AB,4,PINU,BAN,, 22.50, 19.00
1319,AB,4,PINU,BAN,, 23.00, 19.03
1320,AB,4,PINU,BAN,, 23.50, 19.05
1321,AB,4,PINU,BAN,, 24.00, 19.08
1322,AB,4,PINU,BAN,, 24.50, 19.11
1323,AB,4,PINU,BAN,, 25.00, 19.13
1324,AB,4,PINU,BAN,, 25.50, 19.16
1325,AB,4,PINU,BAN,, 26.00, 19.18
1326,AB,4,PINU,BAN,, 26.50, 19.21
1327,AB,4,PINU,BAN,, 27.00, 19.23
1328,AB,4,PINU,BAN,, 27.50, 19.25
1329,AB,4,PINU,BAN,, 28.00, 19.27
1330,AB,4,PINU,BAN,, 28.50, 19.30
1331,AB,4,PINU,BAN,, 29.00, 19.32
1332,AB,4,PINU,BAN,, 29.50, 19.34
1333,AB,4,PINU,BAN,, 30.00, 19.36
1334,AB,5,PINU,BAN,, 15.00, 18.50
1335,AB,5,PINU,BAN,, 15.50, 18.54
1336,AB,5,PINU,BAN,, 16.00, 18.58
1337,AB,5,PINU,BAN,, 16.50, 18.62
1338,AB,5,PINU,BAN,, 17.00, 18.66
1339,AB,5,PINU,BAN,, 17.50, 18.69
1340,AB,5,PINU,BAN,, 18.00, 18.73
1341,AB,5,PINU,BAN,, 18.50, 18.76
1342,AB,5,PINU,BAN,, 19.00, 18.79
1343,AB,5,PINU,BAN,, 19.50, 18.82
1344,AB,5,PINU,BAN,, 20.00, 18.86
1345,AB,5,PINU,BAN,, 20.50, 18.89
1346,AB,5,PINU,BAN,, 21.00, 18.92
1347,AB,5,PINU,BAN,, 21.50, 18.94
1348,AB,5,PINU,BAN,, 22.00, 18.97
1349,AB,5,PINU,BAN,, 22.50, 19.00
1350,AB,5,PINU,BAN,, 23.00, 19.03
1351,AB,5,PINU,BAN,, 23.50, 19.05
1352,AB,5,PINU,BAN,, 24.00, 19.08
1353,AB,5,PINU,BAN,, 24.50, 19.11
1354,AB,5,PINU,BAN,, 25.00, 19.13
1355,AB,5,PINU,BAN,, 25.50, 19.16
1356,AB,5,PINU,BAN,, 26.00, 19.18
1357,AB,5,PINU,BAN,, 26.50, 19.21
1358,AB,5,PINU,BAN,, 27.00, 19.23
1359,AB,5,PINU,BAN,, 27.50, 19.25
1360,AB,5,PINU,BAN,, 28.00, 19.27
1361,AB,5,PINU,BAN,, 28.50, 19.30
1362,AB,5,PINU,BAN,, 29.00, 19.32
1363,AB,5,PINU,BAN,, 29.50, 19.34
1364,AB,5,PINU,BAN,, 30.00, 19.36
1365,AB,6,PINU,BAN,, 15.00, 18.50
1366,AB,6,PINU,BAN,, 15.50, 18.54
1367,AB,6,PINU,BAN,, 16.00, 18.58
1368,AB,6,PINU,BAN,, 16.50, 18.62
1369,AB,6,PINU,BAN,, 17.00, 18.66
1370,AB,6,PINU,BAN,, 17.50, 18.69
1371,AB,6,PINU,BAN,, 18.00, 18.73
1372,AB,6,PINU,BAN,, 18.50, 18.76
1373,AB,6,PINU,BAN,, 19.00, 18.79
1374,AB,6,PINU,BAN,, 19.50, 18.82
1375,AB,6,PINU,BAN,, 20.00, 18.86
1376,AB,6,PINU,BAN,, 20.50, 18.89
1377,AB,6,PINU,BAN,, 21.00, 18.92
1378,AB,6,PINU,BAN,, 21.50, 18.94
1379,AB,6,PINU,BAN,, 22.00, 18.97
1380,AB,6,PINU,BAN,, 22.50, 19.00
1381,AB,6,PINU,BAN,, 23.00, 19.03
1382,AB,6,PINU,BAN,, 23.50, 19.05
1383,AB,6,PINU,BAN,, 24.00, 19.08
1384,AB,6,PINU,BAN,, 24.50, 19.11
1385,AB,6,PINU,BAN,, 25.00, 19.13
1386,AB,6,PINU,BAN,, 25.50, 19.16
1387,AB,6,PINU,BAN,, 26.00, 19.18
1388,AB,6,PINU,BAN,, 26.50, 19.21
1389,AB,6,PINU,BAN,, 27.00, 19.23
1390,AB,6,PINU,BAN,, 27.50, 19.25
1391,AB,6,PINU,BAN,, 28.00, 19.27
1392,AB,6,PINU,BAN,, 28.50, 19.30
1393,AB,6,PINU,BAN,, 29.00, 19.32
1394,AB,6,PINU,BAN,, 29.50, 19.34
1395,AB,6,PINU,BAN,, 30.00, 19.36
1396,AB,9,PINU,BAN,, 15.00, 18.50
1397,AB,9,PINU,BAN,, 15.50, 18.54
1398,AB,9,PINU,BAN,, 16.00, 18.58
1399,AB,9,PINU,BAN,, 16.50, 18.62
1400,AB,9,PINU,BAN,, 17.00, 18.66
1401,AB,9,PINU,BAN,, 17.50, 18.69
1402,AB,9,PINU,BAN,, 18.00, 18.73
1403,AB,9,PINU,BAN,, 18.50, 18.76
1404,AB,9,PINU,BAN,, 19.00, 18.79
1405,AB,9,PINU,BAN,, 19.50, 18.82
1406,AB,9,PINU,BAN,, 20.00, 18.86
1407,AB,9,PINU,BAN,, 20.50, 18.89
1408,AB,9,PINU,BAN,, 21.00, 18.92
1409,AB,9,PINU,BAN,, 21.50, 18.94
1410,AB,9,PINU,BAN,, 22.00, 18.97
1411,AB,9,PINU,BAN,, 22.50, 19.00
1412,AB,9,PINU,BAN,, 23.00, 19.03
1413,AB,9,PINU,BAN,, 23.50, 19.05
1414,AB,9,PINU,BAN,, 24.00, 19.08
1415,AB,9,PINU,BAN,, 24.50, 19.11
1416,AB,9,PINU,BAN,, 25.00, 19.13
1417,AB,9,PINU,BAN,, 25.50, 19.16
1418,AB,9,PINU,BAN,, 26.00, 19.18
1419,AB,9,PINU,BAN,, 26.50, 19.21
1420,AB,9,PINU,BAN,, 27.00, 19.23
1421,AB,9,PINU,BAN,, 27.50, 19.25
1422,AB,9,PINU,BAN,, 28.00, 19.27
1423,AB,9,PINU,BAN,, 28.50, 19.30
1424,AB,9,PINU,BAN,, 29.00, 19.32
1425,AB,9,PINU,BAN,, 29.50, 19.34
1426,AB,9,PINU,BAN,, 30.00, 19.36
1427,AB,10,PINU,BAN,, 15.00, 18.50
1428,AB,10,PINU,BAN,, 15.50, 18.54
1429,AB,10,PINU,BAN,, 16.00, 18.58
1430,AB,10,PINU,BAN,, 16.50, 18.62
1431,AB,10,PINU,BAN,, 17.00, 18.66
1432,AB,10,PINU,BAN,, 17.50, 18.69
1433,AB,10,PINU,BAN,, 18.00, 18.73
1434,AB,10,PINU,BAN,, 18.50, 18.76
1435,AB,10,PINU,BAN,, 19.00, 18.79
1436,AB,10,PINU,BAN,, 19.50, 18.82
1437,AB,10,PINU,BAN,, 20.00, 18.86
1438,AB,10,PINU,BAN,, 20.50, 18.89
1439,AB,10,PINU,BAN,, 21.00, 18.92
1440,AB,10,PINU,BAN,, 21.50, 18.94
1441,AB,10,PINU,BAN,, 22.00, 18.97
1442,AB,10,PINU,BAN,, 22.50, 19.00
1443,AB,10,PINU,BAN,, 23.00, 19.03
1444,AB,10,PINU,BAN,, 23.50, 19.05
1445,AB,10,PINU,BAN,, 24.00, 19.08
1446,AB,10,PINU,BAN,, 24.50, 19.11
1447,AB,10,PINU,BAN,, 25.00, 19.13
1448,AB,10,PINU,BAN,, 25.50, 19.16
1449,AB,10,PINU,BAN,, 26.00, 19.18
1450,AB,10,PINU,BAN,, 26.50, 19.21
1451,AB,10,PINU,BAN,, 27.00, 19.23
1452,AB,10,PINU,BAN,, 27.50, 19.25
1453,AB,10,PINU,BAN,, 28.00, 19.27
1454,AB,10,PINU,BAN,, 28.50, 19.30
1455,AB,10,PINU,BAN,, 29.00, 19.32
1456,AB,10,PINU,BAN,, 29.50, 19.34
1457,AB,10,PINU,BAN,, 30.00, 19.36
1458,AB,14,PINU,BAN,, 15.00, 18.50
1459,AB,14,PINU,BAN,, 15.50, 18.54
1460,AB,14,PINU,BAN,, 16.00, 18.58
1461,AB,14,PINU,BAN,, 16.50, 18.62
1462,AB,14,PINU,BAN,, 17.00, 18.66
1463,AB,14,PINU,BAN,, 17.50, 18.69
1464,AB,14,PINU,BAN,, 18.00, 18.73
1465,AB,14,PINU,BAN,, 18.50, 18.76
1466,AB,14,PINU,BAN,, 19.00, 18.79
1467,AB,14,PINU,BAN,, 19.50, 18.82
1468,AB,14,PINU,BAN,, 20.00, 18.86
1469,AB,14,PINU,BAN,, 20.50, 18.89
1470,AB,14,PINU,BAN,, 21.00, 18.92
1471,AB,14,PINU,BAN,, 21.50, 18.94
1472,AB,14,PINU,BAN,, 22.00, 18.97
1473,AB,14,PINU,BAN,, 22.50, 19.00
1474,AB,14,PINU,BAN,, 23.00, 19.03
1475,AB,14,PINU,BAN,, 23.50, 19.05
1476,AB,14,PINU,BAN,, 24.00, 19.08
1477,AB,14,PINU,BAN,, 24.50, 19.11
1478,AB,14,PINU,BAN,, 25.00, 19.13
1479,AB,14,PINU,BAN,, 25.50, 19.16
1480,AB,14,PINU,BAN,, 26.00, 19.18
1481,AB,14,PINU,BAN,, 26.50, 19.21
1482,AB,14,PINU,BAN,, 27.00, 19.23
1483,AB,14,PINU,BAN,, 27.50, 19.25
1484,AB,14,PINU,BAN,, 28.00, 19.27
1485,AB,14,PINU,BAN,, 28.50, 19.30
1486,AB,14,PINU,BAN,, 29.00, 19.32
1487,AB,14,PINU,BAN,, 29.50, 19.34
1488,AB,14,PINU,BAN,, 30.00, 19.36
1489,AB,4,PINU,CON,LAT, 15.00, 23.04
1490,AB,4,PINU,CON,LAT, 15.50, 23.23
1491,AB,4,PINU,CON,LAT, 16.00, 23.41
1492,AB,4,PINU,CON,LAT, 16.50, 23.59
1493,AB,4,PINU,CON,LAT, 17.00, 23.76
1494,AB,4,PINU,CON,LAT, 17.50, 23.93
1495,AB,4,PINU,CON,LAT, 18.00, 24.10
1496,AB,4,PINU,CON,LAT, 18.50, 24.26
1497,AB,4,PINU,CON,LAT, 19.00, 24.42
1498,AB,4,PINU,CON,LAT, 19.50, 24.58
1499,AB,4,PINU,CON,LAT, 20.00, 24.73
1500,AB,4,PINU,CON,LAT, 20.50, 24.88
1501,AB,4,PINU,CON,LAT, 21.00, 25.03
1502,AB,4,PINU,CON,LAT, 21.50, 25.18
1503,AB,4,PINU,CON,LAT, 22.00, 25.32
1504,AB,4,PINU,CON,LAT, 22.50, 25.46
1505,AB,4,PINU,CON,LAT, 23.00, 25.60
1506,AB,4,PINU,CON,LAT, 23.50, 25.73
1507,AB,4,PINU,CON,LAT, 24.00, 25.87
1508,AB,4,PINU,CON,LAT, 24.50, 26.00
1509,AB,4,PINU,CON,LAT, 25.00, 26.13
1510,AB,4,PINU,CON,LAT, 25.50, 26.26
1511,AB,4,PINU,CON,LAT, 26.00, 26.38
1512,AB,4,PINU,CON,LAT, 26.50, 26.51
1513,AB,4,PINU,CON,LAT, 27.00, 26.63
1514,AB,4,PINU,CON,LAT, 27.50, 26.75
1515,AB,4,PINU,CON,LAT, 28.00, 26.87
1516,AB,4,PINU,CON,LAT, 28.50, 26.99
1517,AB,4,PINU,CON,LAT, 29.00, 27.10
1518,AB,4,PINU,CON,LAT, 29.50, 27.21
1519,AB,4,PINU,CON,LAT, 30.00, 27.33
1520,AB,5,PINU,CON,LAT, 15.00, 23.04
1521,AB,5,PINU,CON,LAT, 15.50, 23.23
1522,AB,5,PINU,CON,LAT, 16.00, 23.41
1523,AB,5,PINU,CON,LAT, 16.50, 23.59
1524,AB,5,PINU,CON,LAT, 17.00, 23.76
1525,AB,5,PINU,CON,LAT, 17.50, 23.93
1526,AB,5,PINU,CON,LAT, 18.00, 24.10
1527,AB,5,PINU,CON,LAT, 18.50, 24.26
1528,AB,5,PINU,CON,LAT, 19.00, 24.42
1529,AB,5,PINU,CON,LAT, 19.50, 24.58
1530,AB,5,PINU,CON,LAT, 20.00, 24.73
1531,AB,5,PINU,CON,LAT, 20.50, 24.88
1532,AB,5,PINU,CON,LAT, 21.00, 25.03
1533,AB,5,PINU,CON,LAT, 21.50, 25.18
1534,AB,5,PINU,CON,LAT, 22.00, 25.32
1535,AB,5,PINU,CON,LAT, 22.50, 25.46
1536,AB,5,PINU,CON,LAT, 23.00, 25.60
1537,AB,5,PINU,CON,LAT, 23.50, 25.73
1538,AB,5,PINU,CON,LAT, 24.00, 25.87
1539,AB,5,PINU,CON,LAT, 24.50, 26.00
1540,AB,5,PINU,CON,LAT, 25.00, 26.13
1541,AB,5,PINU,CON,LAT, 25.50, 26.26
1542,AB,5,PINU,CON,LAT, 26.00, 26.38
1543,AB,5,PINU,CON,LAT, 26.50, 26.51
1544,AB,5,PINU,CON,LAT, 27.00, 26.63
1545,AB,5,PINU,CON,LAT, 27.50, 26.75
1546,AB,5,PINU,CON,LAT, 28.00, 26.87
1547,AB,5,PINU,CON,LAT, 28.50, 26.99
1548,AB,5,PINU,CON,LAT, 29.00, 27.10
1549,AB,5,PINU,CON,LAT, 29.50, 27.21
1550,AB,5,PINU,CON,LAT, 30.00, 27.33
1551,AB,6,PINU,CON,LAT, 15.00, 23.04
1552,AB,6,PINU,CON,LAT, 15.50, 23.23
1553,AB,6,PINU,CON,LAT, 16.00, 23.41
1554,AB,6,PINU,CON,LAT, 16.50, 23.59
1555,AB,6,PINU,CON,LAT, 17.00, 23.76
1556,AB,6,PINU,CON,LAT, 17.50, 23.93
1557,AB,6,PINU,CON,LAT, 18.00, 24.10
1558,AB,6,PINU,CON,LAT, 18.50, 24.26
1559,AB,6,PINU,CON,LAT, 19.00, 24.42
1560,AB,6,PINU,CON,LAT, 19.50, 24.58
1561,AB,6,PINU,CON,LAT, 20.00, 24.73
1562,AB,6,PINU,CON,LAT, 20.50, 24.88
1563,AB,6,PINU,CON,LAT, 21.00, 25.03
1564,AB,6,PINU,CON,LAT, 21.50, 25.18
1565,AB,6,PINU,CON,LAT, 22.00, 25.32
1566,AB,6,PINU,CON,LAT, 22.50, 25.46
1567,AB,6,PINU,CON,LAT, 23.00, 25.60
1568,AB,6,PINU,CON,LAT, 23.50, 25.73
1569,AB,6,PINU,CON,LAT, 24.00, 25.87
1570,AB,6,PINU,CON,LAT, 24.50, 26.00
1571,AB,6,PINU,CON,LAT, 25.00, 26.13
1572,AB,6,PINU,CON,LAT, 25.50, 26.26
1573,AB,6,PINU,CON,LAT, 26.00, 26.38
1574,AB,6,PINU,CON,LAT, 26.50, 26.51
1575,AB,6,PINU,CON,LAT, 27.00, 26.63
1576,AB,6,PINU,CON,LAT, 27.50, 26.75
1577,AB,6,PINU,CON,LAT, 28.00, 26.87
1578,AB,6,PINU,CON,LAT, 28.50, 26.99
1579,AB,6,PINU,CON,LAT, 29.00, 27.10
1580,AB,6,PINU,CON,LAT, 29.50, 27.21
1581,AB,6,PINU,CON,LAT, 30.00, 27.33
1582,AB,9,PINU,CON,LAT, 15.00, 23.04
1583,AB,9,PINU,CON,LAT, 15.50, 23.23
1584,AB,9,PINU,CON,LAT, 16.00, 23.41
1585,AB,9,PINU,CON,LAT, 16.50, 23.59
1586,AB,9,PINU,CON,LAT, 17.00, 23.76
1587,AB,9,PINU,CON,LAT, 17.50, 23.93
1588,AB,9,PINU,CON,LAT, 18.00, 24.10
1589,AB,9,PINU,CON,LAT, 18.50, 24.26
1590,AB,9,PINU,CON,LAT, 19.00, 24.42
1591,AB,9,PINU,CON,LAT, 19.50, 24.58
1592,AB,9,PINU,CON,LAT, 20.00, 24.73
1593,AB,9,PINU,CON,LAT, 20.50, 24.88
1594,AB,9,PINU,CON,LAT, 21.00, 25.03
1595,AB,9,PINU,CON,LAT, 21.50, 25.18
1596,AB,9,PINU,CON,LAT, 22.00, 25.32
1597,AB,9,PINU,CON,LAT, 22.50, 25.46
1598,AB,9,PINU,CON,LAT, 23.00, 25.60
1599,AB,9,PINU,CON,LAT, 23.50, 25.73
1600,AB,9,PINU,CON,LAT, 24.00, 25.87
1601,AB,9,PINU,CON,LAT, 24.50, 26.00
1602,AB,9,PINU,CON,LAT, 25.00, 26.13
1603,AB,9,PINU,CON,LAT, 25.50, 26.26
1604,AB,9,PINU,CON,LAT, 26.00, 26.38
1605,AB,9,PINU,CON,LAT, 26.50, 26.51
1606,AB,9,PINU,CON,LAT, 27.00, 26.63
1607,AB,9,PINU,CON,LAT, 27.50, 26.75
1608,AB,9,PINU,CON,LAT, 28.00, 26.87
1609,AB,9,PINU,CON,LAT, 28.50, 26.99
1610,AB,9,PINU,CON,LAT, 29.00, 27.10
1611,AB,9,PINU,CON,LAT, 29.50, 27.21
1612,AB,9,PINU,CON,LAT, 30.00, 27.33
1613,AB,10,PINU,CON,LAT, 15.00, 23.04
1614,AB,10,PINU,CON,LAT, 15.50, 23.23
1615,AB,10,PINU,CON,LAT, 16.00, 23.41
1616,AB,10,PINU,CON,LAT, 16.50, 23.59
1617,AB,10,PINU,CON,LAT, 17.00, 23.76
1618,AB,10,PINU,CON,LAT, 17.50, 23.93
1619,AB,10,PINU,CON,LAT, 18.00, 24.10
1620,AB,10,PINU,CON,LAT, 18.50, 24.26
1621,AB,10,PINU,CON,LAT, 19.00, 24.42
1622,AB,10,PINU,CON,LAT, 19.50, 24.58
1623,AB,10,PINU,CON,LAT, 20.00, 24.73
1624,AB,10,PINU,CON,LAT, 20.50, 24.88
1625,AB,10,PINU,CON,LAT, 21.00, 25.03
1626,AB,10,PINU,CON,LAT, 21.50, 25.18
1627,AB,10,PINU,CON,LAT, 22.00, 25.32
1628,AB,10,PINU,CON,LAT, 22.50, 25.46
1629,AB,10,PINU,CON,LAT, 23.00, 25.60
1630,AB,10,PINU,CON,LAT, 23.50, 25.73
1631,AB,10,PINU,CON,LAT, 24.00, 25.87
1632,AB,10,PINU,CON,LAT, 24.50, 26.00
1633,AB,10,PINU,CON,LAT, 25.00, 26.13
1634,AB,10,PINU,CON,LAT, 25.50, 26.26
1635,AB,10,PINU,CON,LAT, 26.00, 26.38
1636,AB,10,PINU,CON,LAT, 26.50, 26.51
1637,AB,10,PINU,CON,LAT, 27.00, 26.63
1638,AB,10,PINU,CON,LAT, 27.50, 26.75
1639,AB,10,PINU,CON,LAT, 28.00, 26.87
1640,AB,10,PINU,CON,LAT, 28.50, 26.99
1641,AB,10,PINU,CON,LAT, 29.00, 27.10
1642,AB,10,PINU,CON,LAT, 29.50, 27.21
1643,AB,10,PINU,CON,LAT, 30.00, 27.33
1644,AB,14,PINU,CON,LAT, 15.00, 23.04
1645,AB,14,PINU,CON,LAT, 15.50, 23.23
1646,AB,14,PINU,CON,LAT, 16.00, 23.41
1647,AB,14,PINU,CON,LAT, 16.50, 23.59
1648,AB,14,PINU,CON,LAT, 17.00, 23.76
1649,AB,14,PINU,CON,LAT, 17.50, 23.93
1650,AB,14,PINU,CON,LAT, 18.00, 24.10
1651,AB,14,PINU,CON,LAT, 18.50, 24.26
1652,AB,14,PINU,CON,LAT, 19.00, 24.42
1653,AB,14,PINU,CON,LAT, 19.50, 24.58
1654,AB,14,PINU,CON,LAT, 20.00, 24.73
1655,AB,14,PINU,CON,LAT, 20.50, 24.88
1656,AB,14,PINU,CON,LAT, 21.00, 25.03
1657,AB,14,PINU,CON,LAT, 21.50, 25.18
1658,AB,14,PINU,CON,LAT, 22.00, 25.32
1659,AB,14,PINU,CON,LAT, 22.50, 25.46
1660,AB,14,PINU,CON,LAT, 23.00, 25.60
1661,AB,14,PINU,CON,LAT, 23.50, 25.73
1662,AB,14,PINU,CON,LAT, 24.00, 25.87
1663,AB,14,PINU,CON,LAT, 24.50, 26.00
1664,AB,14,PINU,CON,LAT, 25.00, 26.13
1665,AB,14,PINU,CON,LAT, 25.50, 26.26
1666,AB,14,PINU,CON,LAT, 26.00, 26.38
1667,AB,14,PINU,CON,LAT, 26.50, 26.51
1668,AB,14,PINU,CON,LAT, 27.00, 26.63
1669,AB,14,PINU,CON,LAT, 27.50, 26.75
1670,AB,14,PINU,CON,LAT, 28.00, 26.87
1671,AB,14,PINU,CON,LAT, 28.50, 26.99
1672,AB,14,PINU,CON,LAT, 29.00, 27.10
1673,AB,14,PINU,CON,LAT, 29.50, 27.21
1674,AB,14,PINU,CON,LAT, 30.00, 27.33
1675,AB,4,POPU,TRE,, 15.00, 23.08
1676,AB,4,POPU,TRE,, 15.50, 23.42
1677,AB,4,POPU,TRE,, 16.00, 23.77
1678,AB,4,POPU,TRE,, 16.50, 24.10
1679,AB,4,POPU,TRE,, 17.00, 24.43
1680,AB,4,POPU,TRE,, 17.50, 24.75
1681,AB,4,POPU,TRE,, 18.00, 25.07
1682,AB,4,POPU,TRE,, 18.50, 25.39
1683,AB,4,POPU,TRE,, 19.00, 25.70
1684,AB,4,POPU,TRE,, 19.50, 26.01
1685,AB,4,POPU,TRE,, 20.00, 26.31
1686,AB,4,POPU,TRE,, 20.50, 26.60
1687,AB,4,POPU,TRE,, 21.00, 26.90
1688,AB,4,POPU,TRE,, 21.50, 27.19
1689,AB,4,POPU,TRE,, 22.00, 27.47
1690,AB,4,POPU,TRE,, 22.50, 27.76
1691,AB,4,POPU,TRE,, 23.00, 28.04
1692,AB,4,POPU,TRE,, 23.50, 28.31
1693,AB,4,POPU,TRE,, 24.00, 28.58
1694,AB,4,POPU,TRE,, 24.50, 28.85
1695,AB,4,POPU,TRE,, 25.00, 29.12
1696,AB,4,POPU,TRE,, 25.50, 29.38
1697,AB,4,POPU,TRE,, 26.00, 29.65
1698,AB,4,POPU,TRE,, 26.50, 29.90
1699,AB,4,POPU,TRE,, 27.00, 30.16
1700,AB,4,POPU,TRE,, 27.50, 30.41
1701,AB,4,POPU,TRE,, 28.00, 30.66
1702,AB,4,POPU,TRE,, 28.50, 30.91
1703,AB,4,POPU,TRE,, 29.00, 31.16
1704,AB,4,POPU,TRE,, 29.50, 31.40
1705,AB,4,POPU,TRE,, 30.00, 31.64
1706,AB,5,POPU,TRE,, 15.00, 23.08
1707,AB,5,POPU,TRE,, 15.50, 23.42
1708,AB,5,POPU,TRE,, 16.00, 23.77
1709,AB,5,POPU,TRE,, 16.50, 24.10
1710,AB,5,POPU,TRE,, 17.00, 24.43
1711,AB,5,POPU,TRE,, 17.50, 24.75
1712,AB,5,POPU,TRE,, 18.00, 25.07
1713,AB,5,POPU,TRE,, 18.50, 25.39
1714,AB,5,POPU,TRE,, 19.00, 25.70
1715,AB,5,POPU,TRE,, 19.50, 26.01
1716,AB,5,POPU,TRE,, 20.00, 26.31
1717,AB,5,POPU,TRE,, 20.50, 26.60
1718,AB,5,POPU,TRE,, 21.00, 26.90
1719,AB,5,POPU,TRE,, 21.50, 27.19
1720,AB,5,POPU,TRE,, 22.00, 27.47
1721,AB,5,POPU,TRE,, 22.50, 27.76
1722,AB,5,POPU,TRE,, 23.00, 28.04
1723,AB,5,POPU,TRE,, 23.50, 28.31
1724,AB,5,POPU,TRE,, 24.00, 28.58
1725,AB,5,POPU,TRE,, 24.50, 28.85
1726,AB,5,POPU,TRE,, 25.00, 29.12
1727,AB,5,POPU,TRE,, 25.50, 29.38
1728,AB,5,POPU,TRE,, 26.00, 29.65
1729,AB,5,POPU,TRE,, 26.50, 29.90
1730,AB,5,POPU,TRE,, 27.00, 30.16
1731,AB,5,POPU,TRE,, 27.50, 30.41
1732,AB,5,POPU,TRE,, 28.00, 30.66
1733,AB,5,POPU,TRE,, 28.50, 30.91
1734,AB,5,POPU,TRE,, 29.00, 31.16
1735,AB,5,POPU,TRE,, 29.50, 31.40
1736,AB,5,POPU,TRE,, 30.00, 31.64
1737,AB,6,POPU,TRE,, 15.00, 23.08
1738,AB,6,POPU,TRE,, 15.50, 23.42
1739,AB,6,POPU,TRE,, 16.00, 23.77
1740,AB,6,POPU,TRE,, 16.50, 24.10
1741,AB,6,POPU,TRE,, 17.00, 24.43
1742,AB,6,POPU,TRE,, 17.50, 24.75
1743,AB,6,POPU,TRE,, 18.00, 25.07
1744,AB,6,POPU,TRE,, 18.50, 25.39
1745,AB,6,POPU,TRE,, 19.00, 25.70
1746,AB,6,POPU,TRE,, 19.50, 26.01
1747,AB,6,POPU,TRE,, 20.00, 26.31
1748,AB,6,POPU,TRE,, 20.50, 26.60
1749,AB,6,POPU,TRE,, 21.00, 26.90
1750,AB,6,POPU,TRE,, 21.50, 27.19
1751,AB,6,POPU,TRE,, 22.00, 27.47
1752,AB,6,POPU,TRE,, 22.50, 27.76
1753,AB,6,POPU,TRE,, 23.00, 28.04
1754,AB,6,POPU,TRE,, 23.50, 28.31
1755,AB,6,POPU,TRE,, 24.00, 28.58
1756,AB,6,POPU,TRE,, 24.50, 28.85
1757,AB,6,POPU,TRE,, 25.00, 29.12
1758,AB,6,POPU,TRE,, 25.50, 29.38
1759,AB,6,POPU,TRE,, 26.00, 29.65
1760,AB,6,POPU,TRE,, 26.50, 29.90
1761,AB,6,POPU,TRE,, 27.00, 30.16
1762,AB,6,POPU,TRE,, 27.50, 30.41
1763,AB,6,POPU,TRE,, 28.00, 30.66
1764,AB,6,POPU,TRE,, 28.50, 30.91
1765,AB,6,POPU,TRE,, 29.00, 31.16
1766,AB,6,POPU,TRE,, 29.50, 31.40
1767,AB,6,POPU,TRE,, 30.00, 31.64
1768,AB,9,POPU,TRE,, 15.00, 23.08
1769,AB,9,POPU,TRE,, 15.50, 23.42
1770,AB,9,POPU,TRE,, 16.00, 23.77
1771,AB,9,POPU,TRE,, 16.50, 24.10
1772,AB,9,POPU,TRE,, 17.00, 24.43
1773,AB,9,POPU,TRE,, 17.50, 24.75
1774,AB,9,POPU,TRE,, 18.00, 25.07
1775,AB,9,POPU,TRE,, 18.50, 25.39
1776,AB,9,POPU,TRE,, 19.00, 25.70
1777,AB,9,POPU,TRE,, 19.50, 26.01
1778,AB,9,POPU,TRE,, 20.00, 26.31
1779,AB,9,POPU,TRE,, 20.50, 26.60
1780,AB,9,POPU,TRE,, 21.00, 26.90
1781,AB,9,POPU,TRE,, 21.50, 27.19
1782,AB,9,POPU,TRE,, 22.00, 27.47
1783,AB,9,POPU,TRE,, 22.50, 27.76
1784,AB,9,POPU,TRE,, 23.00, 28.04
1785,AB,9,POPU,TRE,, 23.50, 28.31
1786,AB,9,POPU,TRE,, 24.00, 28.58
1787,AB,9,POPU,TRE,, 24.50, 28.85
1788,AB,9,POPU,TRE,, 25.00, 29.12
1789,AB,9,POPU,TRE,, 25.50, 29.38
1790,AB,9,POPU,TRE,, 26.00, 29.65
1791,AB,9,POPU,TRE,, 26.50, 29.90
1792,AB,9,POPU,TRE,, 27.00, 30.16
1793,AB,9,POPU,TRE,, 27.50, 30.41
1794,AB,9,POPU,TRE,, 28.00, 30.66
1795,AB,9,POPU,TRE,, 28.50, 30.91
1796,AB,9,POPU,TRE,, 29.00, 31.16
1797,AB,9,POPU,TRE,, 29.50, 31.40
1798,AB,9,POPU,TRE,, 30.00, 31.64
1799,AB,10,POPU,TRE,, 15.00, 23.08
1800,AB,10,POPU,TRE,, 15.50, 23.42
1801,AB,10,POPU,TRE,, 16.00, 23.77
1802,AB,10,POPU,TRE,, 16.50, 24.10
1803,AB,10,POPU,TRE,, 17.00, 24.43
1804,AB,10,POPU,TRE,, 17.50, 24.75
1805,AB,10,POPU,TRE,, 18.00, 25.07
1806,AB,10,POPU,TRE,, 18.50, 25.39
1807,AB,10,POPU,TRE,, 19.00, 25.70
1808,AB,10,POPU,TRE,, 19.50, 26.01
1809,AB,10,POPU,TRE,, 20.00, 26.31
1810,AB,10,POPU,TRE,, 20.50, 26.60
1811,AB,10,POPU,TRE,, 21.00, 26.90
1812,AB,10,POPU,TRE,, 21.50, 27.19
1813,AB,10,POPU,TRE,, 22.00, 27.47
1814,AB,10,POPU,TRE,, 22.50, 27.76
1815,AB,10,POPU,TRE,, 23.00, 28.04
1816,AB,10,POPU,TRE,, 23.50, 28.31
1817,AB,10,POPU,TRE,, 24.00, 28.58
1818,AB,10,POPU,TRE,, 24.50, 28.85
1819,AB,10,POPU,TRE,, 25.00, 29.12
1820,AB,10,POPU,TRE,, 25.50, 29.38
1821,AB,10,POPU,TRE,, 26.00, 29.65
1822,AB,10,POPU,TRE,, 26.50, 29.90
1823,AB,10,POPU,TRE,, 27.00, 30.16
1824,AB,10,POPU,TRE,, 27.50, 30.41
1825,AB,10,POPU,TRE,, 28.00, 30.66
1826,AB,10,POPU,TRE,, 28.50, 30.91
1827,AB,10,POPU,TRE,, 29.00, 31.16
1828,AB,10,POPU,TRE,, 29.50, 31.40
1829,AB,10,POPU,TRE,, 30.00, 31.64
1830,AB,14,POPU,TRE,, 15.00, 23.08
1831,AB,14,POPU,TRE,, 15.50, 23.42
1832,AB,14,POPU,TRE,, 16.00, 23.77
1833,AB,14,POPU,TRE,, 16.50, 24.10
1834,AB,14,POPU,TRE,, 17.00, 24.43
1835,AB,14,POPU,TRE,, 17.50, 24.75
1836,AB,14,POPU,TRE,, 18.00, 25.07
1837,AB,14,POPU,TRE,, 18.50, 25.39
1838,AB,14,POPU,TRE,, 19.00, 25.70
1839,AB,14,POPU,TRE,, 19.50, 26.01
1840,AB,14,POPU,TRE,, 20.00, 26.31
1841,AB,14,POPU,TRE,, 20.50, 26.60
1842,AB,14,POPU,TRE,, 21.00, 26.90
1843,AB,14,POPU,TRE,, 21.50, 27.19
1844,AB,14,POPU,TRE,, 22.00, 27.47
1845,AB,14,POPU,TRE,, 22.50, 27.76
1846,AB,14,POPU,TRE,, 23.00, 28.04
1847,AB,14,POPU,TRE,, 23.50, 28.31
1848,AB,14,POPU,TRE,, 24.00, 28.58
1849,AB,14,POPU,TRE,, 24.50, 28.85
1850,AB,14,POPU,TRE,, 25.00, 29.12
1851,AB,14,POPU,TRE,, 25.50, 29.38
1852,AB,14,POPU,TRE,, 26.00, 29.65
1853,AB,14,POPU,TRE,, 26.50, 29.90
1854,AB,14,POPU,TRE,, 27.00, 30.16
1855,AB,14,POPU,TRE,, 27.50, 30.41
1856,AB,14,POPU,TRE,, 28.00, 30.66
1857,AB,14,POPU,TRE,, 28.50, 30.91
1858,AB,14,POPU,TRE,, 29.00, 31.16
1859,AB,14,POPU,TRE,, 29.50, 31.40
1860,AB,14,POPU,TRE,, 30.00, 31.64
1861,AB,4,POPU,BAL,, 15.00, 16.35
1862,AB,4,POPU,BAL,, 15.50, 16.54
1863,AB,4,POPU,BAL,, 16.00, 16.74
1864,AB,4,POPU,BAL,, 16.50, 16.93
1865,AB,4,POPU,BAL,, 17.00, 17.11
1866,AB,4,POPU,BAL,, 17.50, 17.30
1867,AB,4,POPU,BAL,, 18.00, 17.48
1868,AB,4,POPU,BAL,, 18.50, 17.65
1869,AB,4,POPU,BAL,, 19.00, 17.83
1870,AB,4,POPU,BAL,, 19.50, 18.00
1871,AB,4,POPU,BAL,, 20.00, 18.17
1872,AB,4,POPU,BAL,, 20.50, 18.33
1873,AB,4,POPU,BAL,, 21.00, 18.49
1874,AB,4,POPU,BAL,, 21.50, 18.66
1875,AB,4,POPU,BAL,, 22.00, 18.81
1876,AB,4,POPU,BAL,, 22.50, 18.97
1877,AB,4,POPU,BAL,, 23.00, 19.12
1878,AB,4,POPU,BAL,, 23.50, 19.27
1879,AB,4,POPU,BAL,, 24.00, 19.42
1880,AB,4,POPU,BAL,, 24.50, 19.57
1881,AB,4,POPU,BAL,, 25.00, 19.72
1882,AB,4,POPU,BAL,, 25.50, 19.86
1883,AB,4,POPU,BAL,, 26.00, 20.00
1884,AB,4,POPU,BAL,, 26.50, 20.14
1885,AB,4,POPU,BAL,, 27.00, 20.28
1886,AB,4,POPU,BAL,, 27.50, 20.42
1887,AB,4,POPU,BAL,, 28.00, 20.56
1888,AB,4,POPU,BAL,, 28.50, 20.69
1889,AB,4,POPU,BAL,, 29.00, 20.82
1890,AB,4,POPU,BAL,, 29.50, 20.95
1891,AB,4,POPU,BAL,, 30.00, 21.08
1892,AB,5,POPU,BAL,, 15.00, 16.35
1893,AB,5,POPU,BAL,, 15.50, 16.54
1894,AB,5,POPU,BAL,, 16.00, 16.74
1895,AB,5,POPU,BAL,, 16.50, 16.93
1896,AB,5,POPU,BAL,, 17.00, 17.11
1897,AB,5,POPU,BAL,, 17.50, 17.30
1898,AB,5,POPU,BAL,, 18.00, 17.48
1899,AB,5,POPU,BAL,, 18.50, 17.65
1900,AB,5,POPU,BAL,, 19.00, 17.83
1901,AB,5,POPU,BAL,, 19.50, 18.00
1902,AB,5,POPU,BAL,, 20.00, 18.17
1903,AB,5,POPU,BAL,, 20.50, 18.33
1904,AB,5,POPU,BAL,, 21.00, 18.49
1905,AB,5,POPU,BAL,, 21.50, 18.66
1906,AB,5,POPU,BAL,, 22.00, 18.81
1907,AB,5,POPU,BAL,, 22.50, 18.97
1908,AB,5,POPU,BAL,, 23.00, 19.12
1909,AB,5,POPU,BAL,, 23.50, 19.27
1910,AB,5,POPU,BAL,, 24.00, 19.42
1911,AB,5,POPU,BAL,, 24.50, 19.57
1912,AB,5,POPU,BAL,, 25.00, 19.72
1913,AB,5,POPU,BAL,, 25.50, 19.86
1914,AB,5,POPU,BAL,, 26.00, 20.00
1915,AB,5,POPU,BAL,, 26.50, 20.14
1916,AB,5,POPU,BAL,, 27.00, 20.28
1917,AB,5,POPU,BAL,, 27.50, 20.42
1918,AB,5,POPU,BAL,, 28.00, 20.56
1919,AB,5,POPU,BAL,, 28.50, 20.69
1920,AB,5,POPU,BAL,, 29.00, 20.82
1921,AB,5,POPU,BAL,, 29.50, 20.95
1922,AB,5,POPU,BAL,, 30.00, 21.08
1923,AB,6,POPU,BAL,, 15.00, 16.35
1924,AB,6,POPU,BAL,, 15.50, 16.54
1925,AB,6,POPU,BAL,, 16.00, 16.74
1926,AB,6,POPU,BAL,, 16.50, 16.93
1927,AB,6,POPU,BAL,, 17.00, 17.11
1928,AB,6,POPU,BAL,, 17.50, 17.30
1929,AB,6,POPU,BAL,, 18.00, 17.48
1930,AB,6,POPU,BAL,, 18.50, 17.65
1931,AB,6,POPU,BAL,, 19.00, 17.83
1932,AB,6,POPU,BAL,, 19.50, 18.00
1933,AB,6,POPU,BAL,, 20.00, 18.17
1934,AB,6,POPU,BAL,, 20.50, 18.33
1935,AB,6,POPU,BAL,, 21.00, 18.49
1936,AB,6,POPU,BAL,, 21.50, 18.66
1937,AB,6,POPU,BAL,, 22.00, 18.81
1938,AB,6,POPU,BAL,, 22.50, 18.97
1939,AB,6,POPU,BAL,, 23.00, 19.12
1940,AB,6,POPU,BAL,, 23.50, 19.27
1941,AB,6,POPU,BAL,, 24.00, 19.42
1942,AB,6,POPU,BAL,, 24.50, 19.57
1943,AB,6,POPU,BAL,, 25.00, 19.72
1944,AB,6,POPU,BAL,, 25.50, 19.86
1945,AB,6,POPU,BAL,, 26.00, 20.00
1946,AB,6,POPU,BAL,, 26.50, 20.14
1947,AB,6,POPU,BAL,, 27.00, 20.28
1948,AB,6,POPU,BAL,, 27.50, 20.42
1949,AB,6,POPU,BAL,, 28.00, 20.56
1950,AB,6,POPU,BAL,, 28.50, 20.69
1951,AB,6,POPU,BAL,, 29.00, 20.82
1952,AB,6,POPU,BAL,, 29.50, 20.95
1953,AB,6,POPU,BAL,, 30.00, 21.08
1954,AB,9,POPU,BAL,, 15.00, 16.35
1955,AB,9,POPU,BAL,, 15.50, 16.54
1956,AB,9,POPU,BAL,, 16.00, 16.74
1957,AB,9,POPU,BAL,, 16.50, 16.93
1958,AB,9,POPU,BAL,, 17.00, 17.11
1959,AB,9,POPU,BAL,, 17.50, 17.30
1960,AB,9,POPU,BAL,, 18.00, 17.48
1961,AB,9,POPU,BAL,, 18.50, 17.65
1962,AB,9,POPU,BAL,, 19.00, 17.83
1963,AB,9,POPU,BAL,, 19.50, 18.00
1964,AB,9,POPU,BAL,, 20.00, 18.17
1965,AB,9,POPU,BAL,, 20.50, 18.33
1966,AB,9,POPU,BAL,, 21.00, 18.49
1967,AB,9,POPU,BAL,, 21.50, 18.66
1968,AB,9,POPU,BAL,, 22.00, 18.81
1969,AB,9,POPU,BAL,, 22.50, 18.97
1970,AB,9,POPU,BAL,, 23.00, 19.12
1971,AB,9,POPU,BAL,, 23.50, 19.27
1972,AB,9,POPU,BAL,, 24.00, 19.42
1973,AB,9,POPU,BAL,, 24.50, 19.57
1974,AB,9,POPU,BAL,, 25.00, 19.72
1975,AB,9,POPU,BAL,, 25.50, 19.86
1976,AB,9,POPU,BAL,, 26.00, 20.00
1977,AB,9,POPU,BAL,, 26.50, 20.14
1978,AB,9,POPU,BAL,, 27.00, 20.28
1979,AB,9,POPU,BAL,, 27.50, 20.42
1980,AB,9,POPU,BAL,, 28.00, 20.56
1981,AB,9,POPU,BAL,, 28.50, 20.69
1982,AB,9,POPU,BAL,, 29.00, 20.82
1983,AB,9,POPU,BAL,, 29.50, 20.95
1984,AB,9,POPU,BAL,, 30.00, 21.08
1985,AB,10,POPU,BAL,, 15.00, 16.35
1986,AB,10,POPU,BAL,, 15.50, 16.54
1987,AB,10,POPU,BAL,, 16.00, 16.74
1988,AB,10,POPU,BAL,, 16.50, 16.93
1989,AB,10,POPU,BAL,, 17.00, 17.11
1990,AB,10,POPU,BAL,, 17.50, 17.30
1991,AB,10,POPU,BAL,, 18.00, 17.48
1992,AB,10,POPU,BAL,, 18.50, 17.65
1993,AB,10,POPU,BAL,, 19.00, 17.83
1994,AB,10,POPU,BAL,, 19.50, 18.00
1995,AB,10,POPU,BAL,, 20.00, 18.17
1996,AB,10,POPU,BAL,, 20.50, 18.33
1997,AB,10,POPU,BAL,, 21.00, 18.49
1998,AB,10,POPU,BAL,, 21.50, 18.66
1999,AB,10,POPU,BAL,, 22.00, 18.81
2000,AB,10,POPU,BAL,, 22.50, 18.97
2001,AB,10,POPU,BAL,, 23.00, 19.12
2002,AB,10,POPU,BAL,, 23.50, 19.27
2003,AB,10,POPU,BAL,, 24.00, 19.42
2004,AB,10,POPU,BAL,, 24.50, 19.57
2005,AB,10,POPU,BAL,, 25.00, 19.72
2006,AB,10,POPU,BAL,, 25.50, 19.86
2007,AB,10,POPU,BAL,, 26.00, 20.00
2008,AB,10,POPU,BAL,, 26.50, 20.14
2009,AB,10,POPU,BAL,, 27.00, 20.28
2010,AB,10,POPU,BAL,, 27.50, 20.42
2011,AB,10,POPU,BAL,, 28.00, 20.56
2012,AB,10,POPU,BAL,, 28.50, 20.69
2013,AB,10,POPU,BAL,, 29.00, 20.82
2014,AB,10,POPU,BAL,, 29.50, 20.95
2015,AB,10,POPU,BAL,, 30.00, 21.08
2016,AB,14,POPU,BAL,, 15.00, 16.35
2017,AB,14,POPU,BAL,, 15.50, 16.54
2018,AB,14,POPU,BAL,, 16.00, 16.74
2019,AB,14,POPU,BAL,, 16.50, 16.93
2020,AB,14,POPU,BAL,, 17.00, 17.11
2021,AB,14,POPU,BAL,, 17.50, 17.30
2022,AB,14,POPU,BAL,, 18.00, 17.48
2023,AB,14,POPU,BAL,, 18.50, 17.65
2024,AB,14,POPU,BAL,, 19.00, 17.83
2025,AB,14,POPU,BAL,, 19.50, 18.00
2026,AB,14,POPU,BAL,, 20.00, 18.17
2027,AB,14,POPU,BAL,, 20.50, 18.33
2028,AB,14,POPU,BAL,, 21.00, 18.49
2029,AB,14,POPU,BAL,, 21.50, 18.66
2030,AB,14,POPU,BAL,, 22.00, 18.81
2031,AB,14,POPU,BAL,, 22.50, 18.97
2032,AB,14,POPU,BAL,, 23.00, 19.12
2033,AB,14,POPU,BAL,, 23.50, 19.27
2034,AB,14,POPU,BAL,, 24.00, 19.42
2035,AB,14,POPU,BAL,, 24.50, 19.57
2036,AB,14,POPU,BAL,, 25.00, 19.72
2037,AB,14,POPU,BAL,, 25.50, 19.86
2038,AB,14,POPU,BAL,, 26.00, 20.00
2039,AB,14,POPU,BAL,, 26.50, 20.14
2040,AB,14,POPU,BAL,, 27.00, 20.28
2041,AB,14,POPU,BAL,, 27.50, 20.42
2042,AB,14,POPU,BAL,, 28.00, 20.56
2043,AB,14,POPU,BAL,, 28.50, 20.69
2044,AB,14,POPU,BAL,, 29.00, 20.82
2045,AB,14,POPU,BAL,, 29.50, 20.95
2046,AB,14,POPU,BAL,, 30.00, 21.08
2047,AB,4,PSEU,MEN,GLA, 15.00, 60.05
2048,AB,4,PSEU,MEN,GLA, 15.50, 58.52
2049,AB,4,PSEU,MEN,GLA, 16.00, 57.08
2050,AB,4,PSEU,MEN,GLA, 16.50, 55.72
2051,AB,4,PSEU,MEN,GLA, 17.00, 54.42
2052,AB,4,PSEU,MEN,GLA, 17.50, 53.20
2053,AB,4,PSEU,MEN,GLA, 18.00, 52.03
2054,AB,4,PSEU,MEN,GLA, 18.50, 50.93
2055,AB,4,PSEU,MEN,GLA, 19.00, 49.87
2056,AB,4,PSEU,MEN,GLA, 19.50, 48.86
2057,AB,4,PSEU,MEN,GLA, 20.00, 47.90
2058,AB,4,PSEU,MEN,GLA, 20.50, 46.98
2059,AB,4,PSEU,MEN,GLA, 21.00, 46.10
2060,AB,4,PSEU,MEN,GLA, 21.50, 45.25
2061,AB,4,PSEU,MEN,GLA, 22.00, 44.44
2062,AB,4,PSEU,MEN,GLA, 22.50, 43.67
2063,AB,4,PSEU,MEN,GLA, 23.00, 42.92
2064,AB,4,PSEU,MEN,GLA, 23.50, 42.20
2065,AB,4,PSEU,MEN,GLA, 24.00, 41.51
2066,AB,4,PSEU,MEN,GLA, 24.50, 40.84
2067,AB,4,PSEU,MEN,GLA, 25.00, 40.20
2068,AB,4,PSEU,MEN,GLA, 25.50, 39.57
2069,AB,4,PSEU,MEN,GLA, 26.00, 38.98
2070,AB,4,PSEU,MEN,GLA, 26.50, 38.40
2071,AB,4,PSEU,MEN,GLA, 27.00, 37.84
2072,AB,4,PSEU,MEN,GLA, 27.50, 37.30
2073,AB,4,PSEU,MEN,GLA, 28.00, 36.77
2074,AB,4,PSEU,MEN,GLA, 28.50, 36.26
2075,AB,4,PSEU,MEN,GLA, 29.00, 35.77
2076,AB,4,PSEU,MEN,GLA, 29.50, 35.29
2077,AB,4,PSEU,MEN,GLA, 30.00, 34.83
2078,AB,5,PSEU,MEN,GLA, 15.00, 60.05
2079,AB,5,PSEU,MEN,GLA, 15.50, 58.52
2080,AB,5,PSEU,MEN,GLA, 16.00, 57.08
2081,AB,5,PSEU,MEN,GLA, 16.50, 55.72
2082,AB,5,PSEU,MEN,GLA, 17.00, 54.42
2083,AB,5,PSEU,MEN,GLA, 17.50, 53.20
2084,AB,5,PSEU,MEN,GLA, 18.00, 52.03
2085,AB,5,PSEU,MEN,GLA, 18.50, 50.93
2086,AB,5,PSEU,MEN,GLA, 19.00, 49.87
2087,AB,5,PSEU,MEN,GLA, 19.50, 48.86
2088,AB,5,PSEU,MEN,GLA, 20.00, 47.90
2089,AB,5,PSEU,MEN,GLA, 20.50, 46.98
2090,AB,5,PSEU,MEN,GLA, 21.00, 46.10
2091,AB,5,PSEU,MEN,GLA, 21.50, 45.25
2092,AB,5,PSEU,MEN,GLA, 22.00, 44.44
2093,AB,5,PSEU,MEN,GLA, 22.50, 43.67
2094,AB,5,PSEU,MEN,GLA, 23.00, 42.92
2095,AB,5,PSEU,MEN,GLA, 23.50, 42.20
2096,AB,5,PSEU,MEN,GLA, 24.00, 41.51
2097,AB,5,PSEU,MEN,GLA, 24.50, 40.84
2098,AB,5,PSEU,MEN,GLA, 25.00, 40.20
2099,AB,5,PSEU,MEN,GLA, 25.50, 39.57
2100,AB,5,PSEU,MEN,GLA, 26.00, 38.98
2101,AB,5,PSEU,MEN,GLA, 26.50, 38.40
2102,AB,5,PSEU,MEN,GLA, 27.00, 37.84
2103,AB,5,PSEU,MEN,GLA, 27.50, 37.30
2104,AB,5,PSEU,MEN,GLA, 28.00, 36.77
2105,AB,5,PSEU,MEN,GLA, 28.50, 36.26
2106,AB,5,PSEU,MEN,GLA, 29.00, 35.77
2107,AB,5,PSEU,MEN,GLA, 29.50, 35.29
2108,AB,5,PSEU,MEN,GLA, 30.00, 34.83
2109,AB,6,PSEU,MEN,GLA, 15.00, 60.05
2110,AB,6,PSEU,MEN,GLA, 15.50, 58.52
2111,AB,6,PSEU,MEN,GLA, 16.00, 57.08
2112,AB,6,PSEU,MEN,GLA, 16.50, 55.72
2113,AB,6,PSEU,MEN,GLA, 17.00, 54.42
2114,AB,6,PSEU,MEN,GLA, 17.50, 53.20
2115,AB,6,PSEU,MEN,GLA, 18.00, 52.03
2116,AB,6,PSEU,MEN,GLA, 18.50, 50.93
2117,AB,6,PSEU,MEN,GLA, 19.00, 49.87
2118,AB,6,PSEU,MEN,GLA, 19.50, 48.86
2119,AB,6,PSEU,MEN,GLA, 20.00, 47.90
2120,AB,6,PSEU,MEN,GLA, 20.50, 46.98
2121,AB,6,PSEU,MEN,GLA, 21.00, 46.10
2122,AB,6,PSEU,MEN,GLA, 21.50, 45.25
2123,AB,6,PSEU,MEN,GLA, 22.00, 44.44
2124,AB,6,PSEU,MEN,GLA, 22.50, 43.67
2125,AB,6,PSEU,MEN,GLA, 23.00, 42.92
2126,AB,6,PSEU,MEN,GLA, 23.50, 42.20
2127,AB,6,PSEU,MEN,GLA, 24.00, 41.51
2128,AB,6,PSEU,MEN,GLA, 24.50, 40.84
2129,AB,6,PSEU,MEN,GLA, 25.00, 40.20
2130,AB,6,PSEU,MEN,GLA, 25.50, 39.57
2131,AB,6,PSEU,MEN,GLA, 26.00, 38.98
2132,AB,6,PSEU,MEN,GLA, 26.50, 38.40
2133,AB,6,PSEU,MEN,GLA, 27.00, 37.84
2134,AB,6,PSEU,MEN,GLA, 27.50, 37.30
2135,AB,6,PSEU,MEN,GLA, 28.00, 36.77
2136,AB,6,PSEU,MEN,GLA, 28.50, 36.26
2137,AB,6,PSEU,MEN,GLA, 29.00, 35.77
2138,AB,6,PSEU,MEN,GLA, 29.50, 35.29
2139,AB,6,PSEU,MEN,GLA, 30.00, 34.83
2140,AB,9,PSEU,MEN,GLA, 15.00, 60.05
2141,AB,9,PSEU,MEN,GLA, 15.50, 58.52
2142,AB,9,PSEU,MEN,GLA, 16.00, 57.08
2143,AB,9,PSEU,MEN,GLA, 16.50, 55.72
2144,AB,9,PSEU,MEN,GLA, 17.00, 54.42
2145,AB,9,PSEU,MEN,GLA, 17.50, 53.20
2146,AB,9,PSEU,MEN,GLA, 18.00, 52.03
2147,AB,9,PSEU,MEN,GLA, 18.50, 50.93
2148,AB,9,PSEU,MEN,GLA, 19.00, 49.87
2149,AB,9,PSEU,MEN,GLA, 19.50, 48.86
2150,AB,9,PSEU,MEN,GLA, 20.00, 47.90
2151,AB,9,PSEU,MEN,GLA, 20.50, 46.98
2152,AB,9,PSEU,MEN,GLA, 21.00, 46.10
2153,AB,9,PSEU,MEN,GLA, 21.50, 45.25
2154,AB,9,PSEU,MEN,GLA, 22.00, 44.44
2155,AB,9,PSEU,MEN,GLA, 22.50, 43.67
2156,AB,9,PSEU,MEN,GLA, 23.00, 42.92
2157,AB,9,PSEU,MEN,GLA, 23.50, 42.20
2158,AB,9,PSEU,MEN,GLA, 24.00, 41.51
2159,AB,9,PSEU,MEN,GLA, 24.50, 40.84
2160,AB,9,PSEU,MEN,GLA, 25.00, 40.20
2161,AB,9,PSEU,MEN,GLA, 25.50, 39.57
2162,AB,9,PSEU,MEN,GLA, 26.00, 38.98
2163,AB,9,PSEU,MEN,GLA, 26.50, 38.40
2164,AB,9,PSEU,MEN,GLA, 27.00, 37.84
2165,AB,9,PSEU,MEN,GLA, 27.50, 37.30
2166,AB,9,PSEU,MEN,GLA, 28.00, 36.77
2167,AB,9,PSEU,MEN,GLA, 28.50, 36.26
2168,AB,9,PSEU,MEN,GLA, 29.00, 35.77
2169,AB,9,PSEU,MEN,GLA, 29.50, 35.29
2170,AB,9,PSEU,MEN,GLA, 30.00, 34.83
2171,AB,10,PSEU,MEN,GLA, 15.00, 60.05
2172,AB,10,PSEU,MEN,GLA, 15.50, 58.52
2173,AB,10,PSEU,MEN,GLA, 16.00, 57.08
2174,AB,10,PSEU,MEN,GLA, 16.50, 55.72
2175,AB,10,PSEU,MEN,GLA, 17.00, 54.42
2176,AB,10,PSEU,MEN,GLA, 17.50, 53.20
2177,AB,10,PSEU,MEN,GLA, 18.00, 52.03
2178,AB,10,PSEU,MEN,GLA, 18.50, 50.93
2179,AB,10,PSEU,MEN,GLA, 19.00, 49.87
2180,AB,10,PSEU,MEN,GLA, 19.50, 48.86
2181,AB,10,PSEU,MEN,GLA, 20.00, 47.90
2182,AB,10,PSEU,MEN,GLA, 20.50, 46.98
2183,AB,10,PSEU,MEN,GLA, 21.00, 46.10
2184,AB,10,PSEU,MEN,GLA, 21.50, 45.25
2185,AB,10,PSEU,MEN,GLA, 22.00, 44.44
2186,AB,10,PSEU,MEN,GLA, 22.50, 43.67
2187,AB,10,PSEU,MEN,GLA, 23.00, 42.92
2188,AB,10,PSEU,MEN,GLA, 23.50, 42.20
2189,AB,10,PSEU,MEN,GLA, 24.00, 41.51
2190,AB,10,PSEU,MEN,GLA, 24.50, 40.84
2191,AB,10,PSEU,MEN,GLA, 25.00, 40.20
2192,AB,10,PSEU,MEN,GLA, 25.50, 39.57
2193,AB,10,PSEU,MEN,GLA, 26.00, 38.98
2194,AB,10,PSEU,MEN,GLA, 26.50, 38.40
2195,AB,10,PSEU,MEN,GLA, 27.00, 37.84
2196,AB,10,PSEU,MEN,GLA, 27.50, 37.30
2197,AB,10,PSEU,MEN,GLA, 28.00, 36.77
2198,AB,10,PSEU,MEN,GLA, 28.50, 36.26
2199,AB,10,PSEU,MEN,GLA, 29.00, 35.77
2200,AB,10,PSEU,MEN,GLA, 29.50, 35.29
2201,AB,10,PSEU,MEN,GLA, 30.00, 34.83
2202,AB,14,PSEU,MEN,GLA, 15.00, 60.05
2203,AB,14,PSEU,MEN,GLA, 15.50, 58.52
2204,AB,14,PSEU,MEN,GLA, 16.00, 57.08
2205,AB,14,PSEU,MEN,GLA, 16.50, 55.72
2206,AB,14,PSEU,MEN,GLA, 17.00, 54.42
2207,AB,14,PSEU,MEN,GLA, 17.50, 53.20
2208,AB,14,PSEU,MEN,GLA, 18.00, 52.03
2209,AB,14,PSEU,MEN,GLA, 18.50, 50.93
2210,AB,14,PSEU,MEN,GLA, 19.00, 49.87
2211,AB,14,PSEU,MEN,GLA, 19.50, 48.86
2212,AB,14,PSEU,MEN,GLA, 20.00, 47.90
2213,AB,14,PSEU,MEN,GLA, 20.50, 46.98
2214,AB,14,PSEU,MEN,GLA, 21.00, 46.10
2215,AB,14,PSEU,MEN,GLA, 21.50, 45.25
2216,AB,14,PSEU,MEN,GLA, 22.00, 44.44
2217,AB,14,PSEU,MEN,GLA, 22.50, 43.67
2218,AB,14,PSEU,MEN,GLA, 23.00, 42.92
2219,AB,14,PSEU,MEN,GLA, 23.50, 42.20
2220,AB,14,PSEU,MEN,GLA, 24.00, 41.51
2221,AB,14,PSEU,MEN,GLA, 24.50, 40.84
2222,AB,14,PSEU,MEN,GLA, 25.00, 40.20
2223,AB,14,PSEU,MEN,GLA, 25.50, 39.57
2224,AB,14,PSEU,MEN,GLA, 26.00, 38.98
2225,AB,14,PSEU,MEN,GLA, 26.50, 38.40
2226,AB,14,PSEU,MEN,GLA, 27.00, 37.84
2227,AB,14,PSEU,MEN,GLA, 27.50, 37.30
2228,AB,14,PSEU,MEN,GLA, 28.00, 36.77
2229,AB,14,PSEU,MEN,GLA, 28.50, 36.26
2230,AB,14,PSEU,MEN,GLA, 29.00, 35.77
2231,AB,14,PSEU,MEN,GLA, 29.50, 35.29
2232,AB,14,PSEU,MEN,GLA, 30.00, 34.83
