Tree_num,Province,Ecozone,Genus,Species,Variety,DBH,Height,stem_wood,stem_bark,branches,foliage
1,AB,4,ABIE,LAS,,15,13.71,41,7,9,7
2,AB,4,ABIE,LAS,,15.5,13.88,44,8,9,7
3,AB,4,ABIE,LAS,,16,14.05,47,8,10,8
4,AB,4,ABIE,LAS,,16.5,14.22,50,9,11,9
5,AB,4,ABIE,LAS,,17,14.38,53,9,13,9
6,AB,4,ABIE,LAS,,17.5,14.54,56,10,14,10
7,AB,4,ABIE,LAS,,18,14.7,60,10,15,11
8,AB,4,ABIE,LAS,,18.5,14.85,63,11,16,11
9,AB,4,ABIE,LAS,,19,15,67,12,18,12
10,AB,4,ABIE,LAS,,19.5,15.15,71,12,19,13
11,AB,4,ABIE,LAS,,20,15.3,75,13,21,14
12,AB,4,ABIE,LAS,,20.5,15.44,79,14,22,15
13,AB,4,ABIE,LAS,,21,15.59,83,15,24,16
14,AB,4,ABIE,LAS,,21.5,15.73,87,15,26,17
15,AB,4,ABIE,LAS,,22,15.87,91,16,28,18
16,AB,4,ABIE,LAS,,22.5,16,95,17,30,19
17,AB,4,ABIE,LAS,,23,16.14,100,18,32,20
18,AB,4,ABIE,LAS,,23.5,16.27,105,19,34,21
19,AB,4,ABIE,LAS,,24,16.4,109,19,36,22
20,AB,4,ABIE,LAS,,24.5,16.53,114,20,38,23
21,AB,4,ABIE,LAS,,25,16.66,119,21,41,24
22,AB,4,ABIE,LAS,,25.5,16.79,124,22,43,26
23,AB,4,ABIE,LAS,,26,16.91,129,23,46,27
24,AB,4,ABIE,LAS,,26.5,17.04,135,24,49,28
25,AB,4,ABIE,LAS,,27,17.16,140,25,52,30
26,AB,4,ABIE,LAS,,27.5,17.28,145,26,55,31
27,AB,4,ABIE,LAS,,28,17.4,151,27,58,33
28,AB,4,ABIE,LAS,,28.5,17.52,157,28,61,34
29,AB,4,ABIE,LAS,,29,17.63,162,29,64,36
30,AB,4,ABIE,LAS,,29.5,17.75,168,30,68,37
31,AB,4,ABIE,LAS,,30,17.86,174,31,71,39
94,AB,9,ABIE,LAS,,15,13.71,41,7,9,7
95,AB,9,ABIE,LAS,,15.5,13.88,44,8,9,7
96,AB,9,ABIE,LAS,,16,14.05,47,8,10,8
97,AB,9,ABIE,LAS,,16.5,14.22,50,9,11,9
98,AB,9,ABIE,LAS,,17,14.38,53,9,13,9
99,AB,9,ABIE,LAS,,17.5,14.54,56,10,14,10
100,AB,9,ABIE,LAS,,18,14.7,60,10,15,11
101,AB,9,ABIE,LAS,,18.5,14.85,63,11,16,11
102,AB,9,ABIE,LAS,,19,15,67,12,18,12
103,AB,9,ABIE,LAS,,19.5,15.15,71,12,19,13
104,AB,9,ABIE,LAS,,20,15.3,75,13,21,14
105,AB,9,ABIE,LAS,,20.5,15.44,79,14,22,15
106,AB,9,ABIE,LAS,,21,15.59,83,15,24,16
107,AB,9,ABIE,LAS,,21.5,15.73,87,15,26,17
108,AB,9,ABIE,LAS,,22,15.87,91,16,28,18
109,AB,9,ABIE,LAS,,22.5,16,95,17,30,19
110,AB,9,ABIE,LAS,,23,16.14,100,18,32,20
111,AB,9,ABIE,LAS,,23.5,16.27,105,19,34,21
112,AB,9,ABIE,LAS,,24,16.4,109,19,36,22
113,AB,9,ABIE,LAS,,24.5,16.53,114,20,38,23
114,AB,9,ABIE,LAS,,25,16.66,119,21,41,24
115,AB,9,ABIE,LAS,,25.5,16.79,124,22,43,26
116,AB,9,ABIE,LAS,,26,16.91,129,23,46,27
117,AB,9,ABIE,LAS,,26.5,17.04,135,24,49,28
118,AB,9,ABIE,LAS,,27,17.16,140,25,52,30
119,AB,9,ABIE,LAS,,27.5,17.28,145,26,55,31
120,AB,9,ABIE,LAS,,28,17.4,151,27,58,33
121,AB,9,ABIE,LAS,,28.5,17.52,157,28,61,34
122,AB,9,ABIE,LAS,,29,17.63,162,29,64,36
123,AB,9,ABIE,LAS,,29.5,17.75,168,30,68,37
124,AB,9,ABIE,LAS,,30,17.86,174,31,71,39
156,AB,14,ABIE,LAS,,15,13.71,41,7,9,7
157,AB,14,ABIE,LAS,,15.5,13.88,44,8,9,7
158,AB,14,ABIE,LAS,,16,14.05,47,8,10,8
159,AB,14,ABIE,LAS,,16.5,14.22,50,9,11,9
160,AB,14,ABIE,LAS,,17,14.38,53,9,13,9
161,AB,14,ABIE,LAS,,17.5,14.54,56,10,14,10
162,AB,14,ABIE,LAS,,18,14.7,60,10,15,11
163,AB,14,ABIE,LAS,,18.5,14.85,63,11,16,11
164,AB,14,ABIE,LAS,,19,15,67,12,18,12
165,AB,14,ABIE,LAS,,19.5,15.15,71,12,19,13
166,AB,14,ABIE,LAS,,20,15.3,75,13,21,14
167,AB,14,ABIE,LAS,,20.5,15.44,79,14,22,15
168,AB,14,ABIE,LAS,,21,15.59,83,15,24,16
169,AB,14,ABIE,LAS,,21.5,15.73,87,15,26,17
170,AB,14,ABIE,LAS,,22,15.87,91,16,28,18
171,AB,14,ABIE,LAS,,22.5,16,95,17,30,19
172,AB,14,ABIE,LAS,,23,16.14,100,18,32,20
173,AB,14,ABIE,LAS,,23.5,16.27,105,19,34,21
174,AB,14,ABIE,LAS,,24,16.4,109,19,36,22
175,AB,14,ABIE,LAS,,24.5,16.53,114,20,38,23
176,AB,14,ABIE,LAS,,25,16.66,119,21,41,24
177,AB,14,ABIE,LAS,,25.5,16.79,124,22,43,26
178,AB,14,ABIE,LAS,,26,16.91,129,23,46,27
179,AB,14,ABIE,LAS,,26.5,17.04,135,24,49,28
180,AB,14,ABIE,LAS,,27,17.16,140,25,52,30
181,AB,14,ABIE,LAS,,27.5,17.28,145,26,55,31
182,AB,14,ABIE,LAS,,28,17.4,151,27,58,33
183,AB,14,ABIE,LAS,,28.5,17.52,157,28,61,34
184,AB,14,ABIE,LAS,,29,17.63,162,29,64,36
185,AB,14,ABIE,LAS,,29.5,17.75,168,30,68,37
186,AB,14,ABIE,LAS,,30,17.86,174,31,71,39
187,AB,4,ABIE,BAL,,15,20.04,57,9,3,4
188,AB,4,ABIE,BAL,,15.5,20.2,60,9,4,4
189,AB,4,ABIE,BAL,,16,20.35,64,10,4,5
190,AB,4,ABIE,BAL,,16.5,20.5,69,11,4,5
191,AB,4,ABIE,BAL,,17,20.65,73,12,5,5
192,AB,4,ABIE,BAL,,17.5,20.8,77,12,5,6
193,AB,4,ABIE,BAL,,18,20.94,82,13,6,6
194,AB,4,ABIE,BAL,,18.5,21.08,87,14,6,6
195,AB,4,ABIE,BAL,,19,21.21,92,15,7,7
196,AB,4,ABIE,BAL,,19.5,21.34,97,16,7,7
197,AB,4,ABIE,BAL,,20,21.47,102,17,8,8
198,AB,4,ABIE,BAL,,20.5,21.6,107,17,9,8
199,AB,4,ABIE,BAL,,21,21.73,112,18,9,9
200,AB,4,ABIE,BAL,,21.5,21.85,118,19,10,9
201,AB,4,ABIE,BAL,,22,21.97,124,20,11,9
202,AB,4,ABIE,BAL,,22.5,22.09,129,21,12,10
203,AB,4,ABIE,BAL,,23,22.21,135,23,12,10
204,AB,4,ABIE,BAL,,23.5,22.32,141,24,13,11
205,AB,4,ABIE,BAL,,24,22.44,148,25,14,11
206,AB,4,ABIE,BAL,,24.5,22.55,154,26,15,12
207,AB,4,ABIE,BAL,,25,22.66,161,27,16,13
208,AB,4,ABIE,BAL,,25.5,22.76,167,28,17,13
209,AB,4,ABIE,BAL,,26,22.87,174,30,18,14
210,AB,4,ABIE,BAL,,26.5,22.98,181,31,20,14
211,AB,4,ABIE,BAL,,27,23.08,188,32,21,15
212,AB,4,ABIE,BAL,,27.5,23.18,195,34,22,16
213,AB,4,ABIE,BAL,,28,23.28,202,35,23,16
214,AB,4,ABIE,BAL,,28.5,23.38,210,36,25,17
215,AB,4,ABIE,BAL,,29,23.48,217,38,26,18
216,AB,4,ABIE,BAL,,29.5,23.57,225,39,28,18
217,AB,4,ABIE,BAL,,30,23.67,233,41,29,19
218,AB,5,ABIE,BAL,,15,20.04,57,9,3,4
219,AB,5,ABIE,BAL,,15.5,20.2,60,9,4,4
220,AB,5,ABIE,BAL,,16,20.35,64,10,4,5
221,AB,5,ABIE,BAL,,16.5,20.5,69,11,4,5
222,AB,5,ABIE,BAL,,17,20.65,73,12,5,5
223,AB,5,ABIE,BAL,,17.5,20.8,77,12,5,6
224,AB,5,ABIE,BAL,,18,20.94,82,13,6,6
225,AB,5,ABIE,BAL,,18.5,21.08,87,14,6,6
226,AB,5,ABIE,BAL,,19,21.21,92,15,7,7
227,AB,5,ABIE,BAL,,19.5,21.34,97,16,7,7
228,AB,5,ABIE,BAL,,20,21.47,102,17,8,8
229,AB,5,ABIE,BAL,,20.5,21.6,107,17,9,8
230,AB,5,ABIE,BAL,,21,21.73,112,18,9,9
231,AB,5,ABIE,BAL,,21.5,21.85,118,19,10,9
232,AB,5,ABIE,BAL,,22,21.97,124,20,11,9
233,AB,5,ABIE,BAL,,22.5,22.09,129,21,12,10
234,AB,5,ABIE,BAL,,23,22.21,135,23,12,10
235,AB,5,ABIE,BAL,,23.5,22.32,141,24,13,11
236,AB,5,ABIE,BAL,,24,22.44,148,25,14,11
237,AB,5,ABIE,BAL,,24.5,22.55,154,26,15,12
238,AB,5,ABIE,BAL,,25,22.66,161,27,16,13
239,AB,5,ABIE,BAL,,25.5,22.76,167,28,17,13
240,AB,5,ABIE,BAL,,26,22.87,174,30,18,14
241,AB,5,ABIE,BAL,,26.5,22.98,181,31,20,14
242,AB,5,ABIE,BAL,,27,23.08,188,32,21,15
243,AB,5,ABIE,BAL,,27.5,23.18,195,34,22,16
244,AB,5,ABIE,BAL,,28,23.28,202,35,23,16
245,AB,5,ABIE,BAL,,28.5,23.38,210,36,25,17
246,AB,5,ABIE,BAL,,29,23.48,217,38,26,18
247,AB,5,ABIE,BAL,,29.5,23.57,225,39,28,18
248,AB,5,ABIE,BAL,,30,23.67,233,41,29,19
249,AB,6,ABIE,BAL,,15,20.04,66,10,4,4
250,AB,6,ABIE,BAL,,15.5,20.2,70,11,4,4
251,AB,6,ABIE,BAL,,16,20.35,74,12,5,4
252,AB,6,ABIE,BAL,,16.5,20.5,79,13,5,5
253,AB,6,ABIE,BAL,,17,20.65,83,14,5,5
254,AB,6,ABIE,BAL,,17.5,20.8,88,15,6,5
255,AB,6,ABIE,BAL,,18,20.94,93,16,6,6
256,AB,6,ABIE,BAL,,18.5,21.08,98,16,7,6
257,AB,6,ABIE,BAL,,19,21.21,103,17,8,7
258,AB,6,ABIE,BAL,,19.5,21.34,108,18,8,7
259,AB,6,ABIE,BAL,,20,21.47,114,19,9,7
260,AB,6,ABIE,BAL,,20.5,21.6,119,20,10,8
261,AB,6,ABIE,BAL,,21,21.73,125,22,10,8
262,AB,6,ABIE,BAL,,21.5,21.85,130,23,11,9
263,AB,6,ABIE,BAL,,22,21.97,136,24,12,9
264,AB,6,ABIE,BAL,,22.5,22.09,142,25,13,10
265,AB,6,ABIE,BAL,,23,22.21,148,26,13,10
266,AB,6,ABIE,BAL,,23.5,22.32,155,27,14,11
267,AB,6,ABIE,BAL,,24,22.44,161,29,15,12
268,AB,6,ABIE,BAL,,24.5,22.55,167,30,16,12
269,AB,6,ABIE,BAL,,25,22.66,174,31,17,13
270,AB,6,ABIE,BAL,,25.5,22.76,181,33,18,13
271,AB,6,ABIE,BAL,,26,22.87,187,34,19,14
272,AB,6,ABIE,BAL,,26.5,22.98,194,36,20,15
273,AB,6,ABIE,BAL,,27,23.08,201,37,21,15
274,AB,6,ABIE,BAL,,27.5,23.18,209,38,23,16
275,AB,6,ABIE,BAL,,28,23.28,216,40,24,17
276,AB,6,ABIE,BAL,,28.5,23.38,223,42,25,18
277,AB,6,ABIE,BAL,,29,23.48,231,43,26,18
278,AB,6,ABIE,BAL,,29.5,23.57,238,45,28,19
279,AB,6,ABIE,BAL,,30,23.67,246,46,29,20
280,AB,9,ABIE,BAL,,15,20.04,60,8,3,4
281,AB,9,ABIE,BAL,,15.5,20.2,64,9,3,4
282,AB,9,ABIE,BAL,,16,20.35,68,9,3,5
283,AB,9,ABIE,BAL,,16.5,20.5,72,10,4,5
284,AB,9,ABIE,BAL,,17,20.65,77,11,4,5
285,AB,9,ABIE,BAL,,17.5,20.8,81,12,5,6
286,AB,9,ABIE,BAL,,18,20.94,86,12,5,6
287,AB,9,ABIE,BAL,,18.5,21.08,91,13,6,7
288,AB,9,ABIE,BAL,,19,21.21,96,14,6,7
289,AB,9,ABIE,BAL,,19.5,21.34,101,15,7,7
290,AB,9,ABIE,BAL,,20,21.47,106,15,8,8
291,AB,9,ABIE,BAL,,20.5,21.6,112,16,8,8
292,AB,9,ABIE,BAL,,21,21.73,117,17,9,9
293,AB,9,ABIE,BAL,,21.5,21.85,123,18,10,9
294,AB,9,ABIE,BAL,,22,21.97,128,19,11,10
295,AB,9,ABIE,BAL,,22.5,22.09,134,20,12,10
296,AB,9,ABIE,BAL,,23,22.21,140,21,12,11
297,AB,9,ABIE,BAL,,23.5,22.32,147,22,13,12
298,AB,9,ABIE,BAL,,24,22.44,153,23,14,12
299,AB,9,ABIE,BAL,,24.5,22.55,159,24,16,13
300,AB,9,ABIE,BAL,,25,22.66,166,25,17,13
301,AB,9,ABIE,BAL,,25.5,22.76,172,26,18,14
302,AB,9,ABIE,BAL,,26,22.87,179,28,19,15
303,AB,9,ABIE,BAL,,26.5,22.98,186,29,21,15
304,AB,9,ABIE,BAL,,27,23.08,193,30,22,16
305,AB,9,ABIE,BAL,,27.5,23.18,201,31,23,17
306,AB,9,ABIE,BAL,,28,23.28,208,32,25,17
307,AB,9,ABIE,BAL,,28.5,23.38,215,34,27,18
308,AB,9,ABIE,BAL,,29,23.48,223,35,28,19
309,AB,9,ABIE,BAL,,29.5,23.57,231,36,30,20
310,AB,9,ABIE,BAL,,30,23.67,239,38,32,21
311,AB,10,ABIE,BAL,,15,20.04,57,9,3,4
312,AB,10,ABIE,BAL,,15.5,20.2,60,9,4,4
313,AB,10,ABIE,BAL,,16,20.35,64,10,4,5
314,AB,10,ABIE,BAL,,16.5,20.5,69,11,4,5
315,AB,10,ABIE,BAL,,17,20.65,73,12,5,5
316,AB,10,ABIE,BAL,,17.5,20.8,77,12,5,6
317,AB,10,ABIE,BAL,,18,20.94,82,13,6,6
318,AB,10,ABIE,BAL,,18.5,21.08,87,14,6,6
319,AB,10,ABIE,BAL,,19,21.21,92,15,7,7
320,AB,10,ABIE,BAL,,19.5,21.34,97,16,7,7
321,AB,10,ABIE,BAL,,20,21.47,102,17,8,8
322,AB,10,ABIE,BAL,,20.5,21.6,107,17,9,8
323,AB,10,ABIE,BAL,,21,21.73,112,18,9,9
324,AB,10,ABIE,BAL,,21.5,21.85,118,19,10,9
325,AB,10,ABIE,BAL,,22,21.97,124,20,11,9
326,AB,10,ABIE,BAL,,22.5,22.09,129,21,12,10
327,AB,10,ABIE,BAL,,23,22.21,135,23,12,10
328,AB,10,ABIE,BAL,,23.5,22.32,141,24,13,11
329,AB,10,ABIE,BAL,,24,22.44,148,25,14,11
330,AB,10,ABIE,BAL,,24.5,22.55,154,26,15,12
331,AB,10,ABIE,BAL,,25,22.66,161,27,16,13
332,AB,10,ABIE,BAL,,25.5,22.76,167,28,17,13
333,AB,10,ABIE,BAL,,26,22.87,174,30,18,14
334,AB,10,ABIE,BAL,,26.5,22.98,181,31,20,14
335,AB,10,ABIE,BAL,,27,23.08,188,32,21,15
336,AB,10,ABIE,BAL,,27.5,23.18,195,34,22,16
337,AB,10,ABIE,BAL,,28,23.28,202,35,23,16
338,AB,10,ABIE,BAL,,28.5,23.38,210,36,25,17
339,AB,10,ABIE,BAL,,29,23.48,217,38,26,18
340,AB,10,ABIE,BAL,,29.5,23.57,225,39,28,18
341,AB,10,ABIE,BAL,,30,23.67,233,41,29,19
342,AB,14,ABIE,BAL,,15,20.04,57,9,3,4
343,AB,14,ABIE,BAL,,15.5,20.2,60,9,4,4
344,AB,14,ABIE,BAL,,16,20.35,64,10,4,5
345,AB,14,ABIE,BAL,,16.5,20.5,69,11,4,5
346,AB,14,ABIE,BAL,,17,20.65,73,12,5,5
347,AB,14,ABIE,BAL,,17.5,20.8,77,12,5,6
348,AB,14,ABIE,BAL,,18,20.94,82,13,6,6
349,AB,14,ABIE,BAL,,18.5,21.08,87,14,6,6
350,AB,14,ABIE,BAL,,19,21.21,92,15,7,7
351,AB,14,ABIE,BAL,,19.5,21.34,97,16,7,7
352,AB,14,ABIE,BAL,,20,21.47,102,17,8,8
353,AB,14,ABIE,BAL,,20.5,21.6,107,17,9,8
354,AB,14,ABIE,BAL,,21,21.73,112,18,9,9
355,AB,14,ABIE,BAL,,21.5,21.85,118,19,10,9
356,AB,14,ABIE,BAL,,22,21.97,124,20,11,9
357,AB,14,ABIE,BAL,,22.5,22.09,129,21,12,10
358,AB,14,ABIE,BAL,,23,22.21,135,23,12,10
359,AB,14,ABIE,BAL,,23.5,22.32,141,24,13,11
360,AB,14,ABIE,BAL,,24,22.44,148,25,14,11
361,AB,14,ABIE,BAL,,24.5,22.55,154,26,15,12
362,AB,14,ABIE,BAL,,25,22.66,161,27,16,13
363,AB,14,ABIE,BAL,,25.5,22.76,167,28,17,13
364,AB,14,ABIE,BAL,,26,22.87,174,30,18,14
365,AB,14,ABIE,BAL,,26.5,22.98,181,31,20,14
366,AB,14,ABIE,BAL,,27,23.08,188,32,21,15
367,AB,14,ABIE,BAL,,27.5,23.18,195,34,22,16
368,AB,14,ABIE,BAL,,28,23.28,202,35,23,16
369,AB,14,ABIE,BAL,,28.5,23.38,210,36,25,17
370,AB,14,ABIE,BAL,,29,23.48,217,38,26,18
371,AB,14,ABIE,BAL,,29.5,23.57,225,39,28,18
372,AB,14,ABIE,BAL,,30,23.67,233,41,29,19
373,AB,4,BETU,PAP,PAP,15,23.59,80,14,7,2
374,AB,4,BETU,PAP,PAP,15.5,23.6,86,15,8,2
375,AB,4,BETU,PAP,PAP,16,23.62,92,16,9,3
376,AB,4,BETU,PAP,PAP,16.5,23.64,98,17,10,3
377,AB,4,BETU,PAP,PAP,17,23.65,104,18,11,3
378,AB,4,BETU,PAP,PAP,17.5,23.67,110,19,12,3
379,AB,4,BETU,PAP,PAP,18,23.69,117,20,13,3
380,AB,4,BETU,PAP,PAP,18.5,23.7,124,21,14,3
381,AB,4,BETU,PAP,PAP,19,23.72,131,22,15,4
382,AB,4,BETU,PAP,PAP,19.5,23.73,139,23,17,4
383,AB,4,BETU,PAP,PAP,20,23.74,146,24,18,4
384,AB,4,BETU,PAP,PAP,20.5,23.76,154,26,19,4
385,AB,4,BETU,PAP,PAP,21,23.77,162,27,21,5
386,AB,4,BETU,PAP,PAP,21.5,23.78,170,28,23,5
387,AB,4,BETU,PAP,PAP,22,23.8,178,30,24,5
388,AB,4,BETU,PAP,PAP,22.5,23.81,187,31,26,5
389,AB,4,BETU,PAP,PAP,23,23.82,196,32,28,6
390,AB,4,BETU,PAP,PAP,23.5,23.83,205,34,30,6
391,AB,4,BETU,PAP,PAP,24,23.84,214,35,32,6
392,AB,4,BETU,PAP,PAP,24.5,23.86,224,37,34,7
393,AB,4,BETU,PAP,PAP,25,23.87,233,38,36,7
394,AB,4,BETU,PAP,PAP,25.5,23.88,243,40,38,7
395,AB,4,BETU,PAP,PAP,26,23.89,253,41,41,8
396,AB,4,BETU,PAP,PAP,26.5,23.9,263,43,43,8
397,AB,4,BETU,PAP,PAP,27,23.91,274,45,46,8
398,AB,4,BETU,PAP,PAP,27.5,23.92,285,46,49,9
399,AB,4,BETU,PAP,PAP,28,23.93,296,48,51,9
400,AB,4,BETU,PAP,PAP,28.5,23.94,307,50,54,9
401,AB,4,BETU,PAP,PAP,29,23.95,318,52,57,10
402,AB,4,BETU,PAP,PAP,29.5,23.96,330,53,61,10
403,AB,4,BETU,PAP,PAP,30,23.97,342,55,64,10
404,AB,5,BETU,PAP,PAP,15,23.59,80,14,7,2
405,AB,5,BETU,PAP,PAP,15.5,23.6,86,15,8,2
406,AB,5,BETU,PAP,PAP,16,23.62,92,16,9,3
407,AB,5,BETU,PAP,PAP,16.5,23.64,98,17,10,3
408,AB,5,BETU,PAP,PAP,17,23.65,104,18,11,3
409,AB,5,BETU,PAP,PAP,17.5,23.67,110,19,12,3
410,AB,5,BETU,PAP,PAP,18,23.69,117,20,13,3
411,AB,5,BETU,PAP,PAP,18.5,23.7,124,21,14,3
412,AB,5,BETU,PAP,PAP,19,23.72,131,22,15,4
413,AB,5,BETU,PAP,PAP,19.5,23.73,139,23,17,4
414,AB,5,BETU,PAP,PAP,20,23.74,146,24,18,4
415,AB,5,BETU,PAP,PAP,20.5,23.76,154,26,19,4
416,AB,5,BETU,PAP,PAP,21,23.77,162,27,21,5
417,AB,5,BETU,PAP,PAP,21.5,23.78,170,28,23,5
418,AB,5,BETU,PAP,PAP,22,23.8,178,30,24,5
419,AB,5,BETU,PAP,PAP,22.5,23.81,187,31,26,5
420,AB,5,BETU,PAP,PAP,23,23.82,196,32,28,6
421,AB,5,BETU,PAP,PAP,23.5,23.83,205,34,30,6
422,AB,5,BETU,PAP,PAP,24,23.84,214,35,32,6
423,AB,5,BETU,PAP,PAP,24.5,23.86,224,37,34,7
424,AB,5,BETU,PAP,PAP,25,23.87,233,38,36,7
425,AB,5,BETU,PAP,PAP,25.5,23.88,243,40,38,7
426,AB,5,BETU,PAP,PAP,26,23.89,253,41,41,8
427,AB,5,BETU,PAP,PAP,26.5,23.9,263,43,43,8
428,AB,5,BETU,PAP,PAP,27,23.91,274,45,46,8
429,AB,5,BETU,PAP,PAP,27.5,23.92,285,46,49,9
430,AB,5,BETU,PAP,PAP,28,23.93,296,48,51,9
431,AB,5,BETU,PAP,PAP,28.5,23.94,307,50,54,9
432,AB,5,BETU,PAP,PAP,29,23.95,318,52,57,10
433,AB,5,BETU,PAP,PAP,29.5,23.96,330,53,61,10
434,AB,5,BETU,PAP,PAP,30,23.97,342,55,64,10
435,AB,6,BETU,PAP,PAP,15,23.59,83,12,5,2
436,AB,6,BETU,PAP,PAP,15.5,23.6,89,13,5,2
437,AB,6,BETU,PAP,PAP,16,23.62,95,14,6,3
438,AB,6,BETU,PAP,PAP,16.5,23.64,101,15,7,3
439,AB,6,BETU,PAP,PAP,17,23.65,107,16,7,3
440,AB,6,BETU,PAP,PAP,17.5,23.67,114,17,8,3
441,AB,6,BETU,PAP,PAP,18,23.69,120,18,9,3
442,AB,6,BETU,PAP,PAP,18.5,23.7,127,19,10,4
443,AB,6,BETU,PAP,PAP,19,23.72,135,21,11,4
444,AB,6,BETU,PAP,PAP,19.5,23.73,142,22,12,4
445,AB,6,BETU,PAP,PAP,20,23.74,150,23,13,4
446,AB,6,BETU,PAP,PAP,20.5,23.76,157,24,14,4
447,AB,6,BETU,PAP,PAP,21,23.77,165,25,15,5
448,AB,6,BETU,PAP,PAP,21.5,23.78,174,27,17,5
449,AB,6,BETU,PAP,PAP,22,23.8,182,28,18,5
450,AB,6,BETU,PAP,PAP,22.5,23.81,191,29,19,5
451,AB,6,BETU,PAP,PAP,23,23.82,199,31,21,6
452,AB,6,BETU,PAP,PAP,23.5,23.83,208,32,23,6
453,AB,6,BETU,PAP,PAP,24,23.84,218,34,24,6
454,AB,6,BETU,PAP,PAP,24.5,23.86,227,35,26,7
455,AB,6,BETU,PAP,PAP,25,23.87,237,37,28,7
456,AB,6,BETU,PAP,PAP,25.5,23.88,247,38,30,7
457,AB,6,BETU,PAP,PAP,26,23.89,257,40,32,8
458,AB,6,BETU,PAP,PAP,26.5,23.9,267,41,34,8
459,AB,6,BETU,PAP,PAP,27,23.91,277,43,36,8
460,AB,6,BETU,PAP,PAP,27.5,23.92,288,45,39,8
461,AB,6,BETU,PAP,PAP,28,23.93,299,47,41,9
462,AB,6,BETU,PAP,PAP,28.5,23.94,310,48,44,9
463,AB,6,BETU,PAP,PAP,29,23.95,321,50,46,10
464,AB,6,BETU,PAP,PAP,29.5,23.96,333,52,49,10
465,AB,6,BETU,PAP,PAP,30,23.97,344,54,52,10
466,AB,9,BETU,PAP,PAP,15,23.59,74,14,8,1
467,AB,9,BETU,PAP,PAP,15.5,23.6,79,15,9,1
468,AB,9,BETU,PAP,PAP,16,23.62,85,15,10,2
469,AB,9,BETU,PAP,PAP,16.5,23.64,91,16,12,2
470,AB,9,BETU,PAP,PAP,17,23.65,97,17,13,2
471,AB,9,BETU,PAP,PAP,17.5,23.67,103,18,14,2
472,AB,9,BETU,PAP,PAP,18,23.69,110,20,15,2
473,AB,9,BETU,PAP,PAP,18.5,23.7,117,21,17,2
474,AB,9,BETU,PAP,PAP,19,23.72,123,22,18,2
475,AB,9,BETU,PAP,PAP,19.5,23.73,131,23,20,3
476,AB,9,BETU,PAP,PAP,20,23.74,138,24,21,3
477,AB,9,BETU,PAP,PAP,20.5,23.76,146,25,23,3
478,AB,9,BETU,PAP,PAP,21,23.77,153,26,25,3
479,AB,9,BETU,PAP,PAP,21.5,23.78,161,28,27,4
480,AB,9,BETU,PAP,PAP,22,23.8,170,29,29,4
481,AB,9,BETU,PAP,PAP,22.5,23.81,178,30,31,4
482,AB,9,BETU,PAP,PAP,23,23.82,187,32,33,4
483,AB,9,BETU,PAP,PAP,23.5,23.83,196,33,36,5
484,AB,9,BETU,PAP,PAP,24,23.84,205,34,38,5
485,AB,9,BETU,PAP,PAP,24.5,23.86,214,36,41,5
486,AB,9,BETU,PAP,PAP,25,23.87,224,37,43,5
487,AB,9,BETU,PAP,PAP,25.5,23.88,234,39,46,6
488,AB,9,BETU,PAP,PAP,26,23.89,244,40,49,6
489,AB,9,BETU,PAP,PAP,26.5,23.9,254,42,52,6
490,AB,9,BETU,PAP,PAP,27,23.91,265,43,56,7
491,AB,9,BETU,PAP,PAP,27.5,23.92,275,45,59,7
492,AB,9,BETU,PAP,PAP,28,23.93,286,47,62,7
493,AB,9,BETU,PAP,PAP,28.5,23.94,297,48,66,8
494,AB,9,BETU,PAP,PAP,29,23.95,309,50,70,8
495,AB,9,BETU,PAP,PAP,29.5,23.96,321,52,74,9
496,AB,9,BETU,PAP,PAP,30,23.97,332,53,78,9
497,AB,10,BETU,PAP,PAP,15,23.59,80,14,7,2
498,AB,10,BETU,PAP,PAP,15.5,23.6,86,15,8,2
499,AB,10,BETU,PAP,PAP,16,23.62,92,16,9,3
500,AB,10,BETU,PAP,PAP,16.5,23.64,98,17,10,3
501,AB,10,BETU,PAP,PAP,17,23.65,104,18,11,3
502,AB,10,BETU,PAP,PAP,17.5,23.67,110,19,12,3
503,AB,10,BETU,PAP,PAP,18,23.69,117,20,13,3
504,AB,10,BETU,PAP,PAP,18.5,23.7,124,21,14,3
505,AB,10,BETU,PAP,PAP,19,23.72,131,22,15,4
506,AB,10,BETU,PAP,PAP,19.5,23.73,139,23,17,4
507,AB,10,BETU,PAP,PAP,20,23.74,146,24,18,4
508,AB,10,BETU,PAP,PAP,20.5,23.76,154,26,19,4
509,AB,10,BETU,PAP,PAP,21,23.77,162,27,21,5
510,AB,10,BETU,PAP,PAP,21.5,23.78,170,28,23,5
511,AB,10,BETU,PAP,PAP,22,23.8,178,30,24,5
512,AB,10,BETU,PAP,PAP,22.5,23.81,187,31,26,5
513,AB,10,BETU,PAP,PAP,23,23.82,196,32,28,6
514,AB,10,BETU,PAP,PAP,23.5,23.83,205,34,30,6
515,AB,10,BETU,PAP,PAP,24,23.84,214,35,32,6
516,AB,10,BETU,PAP,PAP,24.5,23.86,224,37,34,7
517,AB,10,BETU,PAP,PAP,25,23.87,233,38,36,7
518,AB,10,BETU,PAP,PAP,25.5,23.88,243,40,38,7
519,AB,10,BETU,PAP,PAP,26,23.89,253,41,41,8
520,AB,10,BETU,PAP,PAP,26.5,23.9,263,43,43,8
521,AB,10,BETU,PAP,PAP,27,23.91,274,45,46,8
522,AB,10,BETU,PAP,PAP,27.5,23.92,285,46,49,9
523,AB,10,BETU,PAP,PAP,28,23.93,296,48,51,9
524,AB,10,BETU,PAP,PAP,28.5,23.94,307,50,54,9
525,AB,10,BETU,PAP,PAP,29,23.95,318,52,57,10
526,AB,10,BETU,PAP,PAP,29.5,23.96,330,53,61,10
527,AB,10,BETU,PAP,PAP,30,23.97,342,55,64,10
528,AB,14,BETU,PAP,PAP,15,23.59,80,14,7,2
529,AB,14,BETU,PAP,PAP,15.5,23.6,86,15,8,2
530,AB,14,BETU,PAP,PAP,16,23.62,92,16,9,3
531,AB,14,BETU,PAP,PAP,16.5,23.64,98,17,10,3
532,AB,14,BETU,PAP,PAP,17,23.65,104,18,11,3
533,AB,14,BETU,PAP,PAP,17.5,23.67,110,19,12,3
534,AB,14,BETU,PAP,PAP,18,23.69,117,20,13,3
535,AB,14,BETU,PAP,PAP,18.5,23.7,124,21,14,3
536,AB,14,BETU,PAP,PAP,19,23.72,131,22,15,4
537,AB,14,BETU,PAP,PAP,19.5,23.73,139,23,17,4
538,AB,14,BETU,PAP,PAP,20,23.74,146,24,18,4
539,AB,14,BETU,PAP,PAP,20.5,23.76,154,26,19,4
540,AB,14,BETU,PAP,PAP,21,23.77,162,27,21,5
541,AB,14,BETU,PAP,PAP,21.5,23.78,170,28,23,5
542,AB,14,BETU,PAP,PAP,22,23.8,178,30,24,5
543,AB,14,BETU,PAP,PAP,22.5,23.81,187,31,26,5
544,AB,14,BETU,PAP,PAP,23,23.82,196,32,28,6
545,AB,14,BETU,PAP,PAP,23.5,23.83,205,34,30,6
546,AB,14,BETU,PAP,PAP,24,23.84,214,35,32,6
547,AB,14,BETU,PAP,PAP,24.5,23.86,224,37,34,7
548,AB,14,BETU,PAP,PAP,25,23.87,233,38,36,7
549,AB,14,BETU,PAP,PAP,25.5,23.88,243,40,38,7
550,AB,14,BETU,PAP,PAP,26,23.89,253,41,41,8
551,AB,14,BETU,PAP,PAP,26.5,23.9,263,43,43,8
552,AB,14,BETU,PAP,PAP,27,23.91,274,45,46,8
553,AB,14,BETU,PAP,PAP,27.5,23.92,285,46,49,9
554,AB,14,BETU,PAP,PAP,28,23.93,296,48,51,9
555,AB,14,BETU,PAP,PAP,28.5,23.94,307,50,54,9
556,AB,14,BETU,PAP,PAP,29,23.95,318,52,57,10
557,AB,14,BETU,PAP,PAP,29.5,23.96,330,53,61,10
558,AB,14,BETU,PAP,PAP,30,23.97,342,55,64,10
559,AB,4,LARI,LAR,,15,24.35,76,6,13,3
560,AB,4,LARI,LAR,,15.5,24.09,80,7,13,3
561,AB,4,LARI,LAR,,16,23.84,83,7,14,3
562,AB,4,LARI,LAR,,16.5,23.6,87,8,15,3
563,AB,4,LARI,LAR,,17,23.37,91,8,16,4
564,AB,4,LARI,LAR,,17.5,23.15,95,8,17,4
565,AB,4,LARI,LAR,,18,22.94,99,9,17,4
566,AB,4,LARI,LAR,,18.5,22.73,103,9,18,4
567,AB,4,LARI,LAR,,19,22.53,107,10,19,4
568,AB,4,LARI,LAR,,19.5,22.34,111,10,20,4
569,AB,4,LARI,LAR,,20,22.16,116,11,21,5
570,AB,4,LARI,LAR,,20.5,21.98,120,11,22,5
571,AB,4,LARI,LAR,,21,21.8,124,12,23,5
572,AB,4,LARI,LAR,,21.5,21.64,128,12,23,5
573,AB,4,LARI,LAR,,22,21.47,133,13,24,5
574,AB,4,LARI,LAR,,22.5,21.32,137,13,25,5
575,AB,4,LARI,LAR,,23,21.16,142,14,26,6
576,AB,4,LARI,LAR,,23.5,21.01,146,14,27,6
577,AB,4,LARI,LAR,,24,20.87,151,15,28,6
578,AB,4,LARI,LAR,,24.5,20.73,155,16,29,6
579,AB,4,LARI,LAR,,25,20.59,160,16,30,6
580,AB,4,LARI,LAR,,25.5,20.46,165,17,31,7
581,AB,4,LARI,LAR,,26,20.33,169,17,32,7
582,AB,4,LARI,LAR,,26.5,20.2,174,18,33,7
583,AB,4,LARI,LAR,,27,20.08,179,19,35,7
584,AB,4,LARI,LAR,,27.5,19.96,184,19,36,7
585,AB,4,LARI,LAR,,28,19.84,189,20,37,8
586,AB,4,LARI,LAR,,28.5,19.72,194,21,38,8
587,AB,4,LARI,LAR,,29,19.61,198,21,39,8
588,AB,4,LARI,LAR,,29.5,19.5,203,22,40,8
589,AB,4,LARI,LAR,,30,19.39,209,23,41,8
590,AB,5,LARI,LAR,,15,24.35,99,8,4,2
591,AB,5,LARI,LAR,,15.5,24.09,103,8,5,3
592,AB,5,LARI,LAR,,16,23.84,107,9,5,3
593,AB,5,LARI,LAR,,16.5,23.6,112,9,6,3
594,AB,5,LARI,LAR,,17,23.37,116,9,6,3
595,AB,5,LARI,LAR,,17.5,23.15,121,10,7,4
596,AB,5,LARI,LAR,,18,22.94,125,10,8,4
597,AB,5,LARI,LAR,,18.5,22.73,130,11,8,4
598,AB,5,LARI,LAR,,19,22.53,134,11,9,4
599,AB,5,LARI,LAR,,19.5,22.34,139,12,10,5
600,AB,5,LARI,LAR,,20,22.16,143,12,11,5
601,AB,5,LARI,LAR,,20.5,21.98,148,12,12,5
602,AB,5,LARI,LAR,,21,21.8,153,13,13,6
603,AB,5,LARI,LAR,,21.5,21.64,157,13,14,6
604,AB,5,LARI,LAR,,22,21.47,162,14,16,6
605,AB,5,LARI,LAR,,22.5,21.32,167,14,17,7
606,AB,5,LARI,LAR,,23,21.16,172,15,18,7
607,AB,5,LARI,LAR,,23.5,21.01,177,15,20,7
608,AB,5,LARI,LAR,,24,20.87,182,16,21,8
609,AB,5,LARI,LAR,,24.5,20.73,187,16,23,8
610,AB,5,LARI,LAR,,25,20.59,191,17,24,8
611,AB,5,LARI,LAR,,25.5,20.46,196,17,26,9
612,AB,5,LARI,LAR,,26,20.33,201,18,28,9
613,AB,5,LARI,LAR,,26.5,20.2,206,18,30,10
614,AB,5,LARI,LAR,,27,20.08,212,19,32,10
615,AB,5,LARI,LAR,,27.5,19.96,217,20,34,11
616,AB,5,LARI,LAR,,28,19.84,222,20,36,11
617,AB,5,LARI,LAR,,28.5,19.72,227,21,39,11
618,AB,5,LARI,LAR,,29,19.61,232,21,41,12
619,AB,5,LARI,LAR,,29.5,19.5,237,22,44,12
620,AB,5,LARI,LAR,,30,19.39,242,22,46,13
621,AB,6,LARI,LAR,,15,24.35,95,7,4,2
622,AB,6,LARI,LAR,,15.5,24.09,100,8,5,3
623,AB,6,LARI,LAR,,16,23.84,105,8,5,3
624,AB,6,LARI,LAR,,16.5,23.6,109,9,6,3
625,AB,6,LARI,LAR,,17,23.37,114,9,6,3
626,AB,6,LARI,LAR,,17.5,23.15,119,9,7,4
627,AB,6,LARI,LAR,,18,22.94,124,10,8,4
628,AB,6,LARI,LAR,,18.5,22.73,128,10,9,4
629,AB,6,LARI,LAR,,19,22.53,133,11,10,5
630,AB,6,LARI,LAR,,19.5,22.34,138,11,10,5
631,AB,6,LARI,LAR,,20,22.16,143,12,11,5
632,AB,6,LARI,LAR,,20.5,21.98,148,12,13,6
633,AB,6,LARI,LAR,,21,21.8,153,13,14,6
634,AB,6,LARI,LAR,,21.5,21.64,159,13,15,7
635,AB,6,LARI,LAR,,22,21.47,164,13,16,7
636,AB,6,LARI,LAR,,22.5,21.32,169,14,17,8
637,AB,6,LARI,LAR,,23,21.16,175,14,19,8
638,AB,6,LARI,LAR,,23.5,21.01,180,15,20,9
639,AB,6,LARI,LAR,,24,20.87,185,15,22,9
640,AB,6,LARI,LAR,,24.5,20.73,191,16,24,10
641,AB,6,LARI,LAR,,25,20.59,196,16,25,10
642,AB,6,LARI,LAR,,25.5,20.46,202,17,27,11
643,AB,6,LARI,LAR,,26,20.33,208,17,29,12
644,AB,6,LARI,LAR,,26.5,20.2,213,18,31,12
645,AB,6,LARI,LAR,,27,20.08,219,18,34,13
646,AB,6,LARI,LAR,,27.5,19.96,225,19,36,14
647,AB,6,LARI,LAR,,28,19.84,230,20,38,14
648,AB,6,LARI,LAR,,28.5,19.72,236,20,41,15
649,AB,6,LARI,LAR,,29,19.61,242,21,43,16
650,AB,6,LARI,LAR,,29.5,19.5,248,21,46,17
651,AB,6,LARI,LAR,,30,19.39,254,22,49,17
652,AB,9,LARI,LAR,,15,24.35,84,9,7,3
653,AB,9,LARI,LAR,,15.5,24.09,88,9,8,3
654,AB,9,LARI,LAR,,16,23.84,92,10,9,3
655,AB,9,LARI,LAR,,16.5,23.6,96,10,9,4
656,AB,9,LARI,LAR,,17,23.37,101,10,10,4
657,AB,9,LARI,LAR,,17.5,23.15,105,11,11,4
658,AB,9,LARI,LAR,,18,22.94,109,11,12,4
659,AB,9,LARI,LAR,,18.5,22.73,114,12,13,4
660,AB,9,LARI,LAR,,19,22.53,118,12,14,5
661,AB,9,LARI,LAR,,19.5,22.34,123,12,15,5
662,AB,9,LARI,LAR,,20,22.16,128,13,16,5
663,AB,9,LARI,LAR,,20.5,21.98,132,13,17,5
664,AB,9,LARI,LAR,,21,21.8,137,14,18,5
665,AB,9,LARI,LAR,,21.5,21.64,142,14,20,6
666,AB,9,LARI,LAR,,22,21.47,147,15,21,6
667,AB,9,LARI,LAR,,22.5,21.32,152,15,22,6
668,AB,9,LARI,LAR,,23,21.16,157,15,24,6
669,AB,9,LARI,LAR,,23.5,21.01,162,16,25,6
670,AB,9,LARI,LAR,,24,20.87,167,16,27,7
671,AB,9,LARI,LAR,,24.5,20.73,172,17,28,7
672,AB,9,LARI,LAR,,25,20.59,177,17,30,7
673,AB,9,LARI,LAR,,25.5,20.46,182,18,32,7
674,AB,9,LARI,LAR,,26,20.33,188,18,33,8
675,AB,9,LARI,LAR,,26.5,20.2,193,19,35,8
676,AB,9,LARI,LAR,,27,20.08,198,19,37,8
677,AB,9,LARI,LAR,,27.5,19.96,204,20,39,8
678,AB,9,LARI,LAR,,28,19.84,209,20,41,9
679,AB,9,LARI,LAR,,28.5,19.72,215,20,43,9
680,AB,9,LARI,LAR,,29,19.61,220,21,45,9
681,AB,9,LARI,LAR,,29.5,19.5,226,21,48,9
682,AB,9,LARI,LAR,,30,19.39,232,22,50,10
683,AB,10,LARI,LAR,,15,24.35,99,8,4,2
684,AB,10,LARI,LAR,,15.5,24.09,103,8,5,3
685,AB,10,LARI,LAR,,16,23.84,107,9,5,3
686,AB,10,LARI,LAR,,16.5,23.6,112,9,6,3
687,AB,10,LARI,LAR,,17,23.37,116,9,6,3
688,AB,10,LARI,LAR,,17.5,23.15,121,10,7,4
689,AB,10,LARI,LAR,,18,22.94,125,10,8,4
690,AB,10,LARI,LAR,,18.5,22.73,130,11,8,4
691,AB,10,LARI,LAR,,19,22.53,134,11,9,4
692,AB,10,LARI,LAR,,19.5,22.34,139,12,10,5
693,AB,10,LARI,LAR,,20,22.16,143,12,11,5
694,AB,10,LARI,LAR,,20.5,21.98,148,12,12,5
695,AB,10,LARI,LAR,,21,21.8,153,13,13,6
696,AB,10,LARI,LAR,,21.5,21.64,157,13,14,6
697,AB,10,LARI,LAR,,22,21.47,162,14,16,6
698,AB,10,LARI,LAR,,22.5,21.32,167,14,17,7
699,AB,10,LARI,LAR,,23,21.16,172,15,18,7
700,AB,10,LARI,LAR,,23.5,21.01,177,15,20,7
701,AB,10,LARI,LAR,,24,20.87,182,16,21,8
702,AB,10,LARI,LAR,,24.5,20.73,187,16,23,8
703,AB,10,LARI,LAR,,25,20.59,191,17,24,8
704,AB,10,LARI,LAR,,25.5,20.46,196,17,26,9
705,AB,10,LARI,LAR,,26,20.33,201,18,28,9
706,AB,10,LARI,LAR,,26.5,20.2,206,18,30,10
707,AB,10,LARI,LAR,,27,20.08,212,19,32,10
708,AB,10,LARI,LAR,,27.5,19.96,217,20,34,11
709,AB,10,LARI,LAR,,28,19.84,222,20,36,11
710,AB,10,LARI,LAR,,28.5,19.72,227,21,39,11
711,AB,10,LARI,LAR,,29,19.61,232,21,41,12
712,AB,10,LARI,LAR,,29.5,19.5,237,22,44,12
713,AB,10,LARI,LAR,,30,19.39,242,22,46,13
745,AB,4,PICE,ENG,,15,13.8,41,6,12,9
746,AB,4,PICE,ENG,,15.5,14.13,45,6,13,9
747,AB,4,PICE,ENG,,16,14.46,48,7,14,10
748,AB,4,PICE,ENG,,16.5,14.78,52,7,15,10
749,AB,4,PICE,ENG,,17,15.11,56,8,16,11
750,AB,4,PICE,ENG,,17.5,15.43,61,8,17,11
751,AB,4,PICE,ENG,,18,15.74,65,9,18,12
752,AB,4,PICE,ENG,,18.5,16.06,70,9,20,13
753,AB,4,PICE,ENG,,19,16.37,75,10,21,13
754,AB,4,PICE,ENG,,19.5,16.68,80,11,22,14
755,AB,4,PICE,ENG,,20,16.99,85,11,23,15
756,AB,4,PICE,ENG,,20.5,17.29,91,12,25,15
757,AB,4,PICE,ENG,,21,17.6,97,13,26,16
758,AB,4,PICE,ENG,,21.5,17.9,103,13,28,17
759,AB,4,PICE,ENG,,22,18.2,109,14,29,18
760,AB,4,PICE,ENG,,22.5,18.5,115,15,30,18
761,AB,4,PICE,ENG,,23,18.79,122,15,32,19
762,AB,4,PICE,ENG,,23.5,19.09,129,16,34,20
763,AB,4,PICE,ENG,,24,19.38,136,17,35,21
764,AB,4,PICE,ENG,,24.5,19.67,143,18,37,21
765,AB,4,PICE,ENG,,25,19.96,151,18,39,22
766,AB,4,PICE,ENG,,25.5,20.25,158,19,41,23
767,AB,4,PICE,ENG,,26,20.53,166,20,42,24
768,AB,4,PICE,ENG,,26.5,20.82,175,21,44,25
769,AB,4,PICE,ENG,,27,21.1,183,22,46,26
770,AB,4,PICE,ENG,,27.5,21.38,192,23,48,27
771,AB,4,PICE,ENG,,28,21.66,201,24,50,28
772,AB,4,PICE,ENG,,28.5,21.94,210,25,52,29
773,AB,4,PICE,ENG,,29,22.22,220,26,54,30
774,AB,4,PICE,ENG,,29.5,22.49,230,27,56,31
775,AB,4,PICE,ENG,,30,22.77,240,28,59,31
838,AB,9,PICE,ENG,,15,13.8,42,6,7,7
839,AB,9,PICE,ENG,,15.5,14.13,45,6,8,7
840,AB,9,PICE,ENG,,16,14.46,49,7,8,8
841,AB,9,PICE,ENG,,16.5,14.78,53,7,9,8
842,AB,9,PICE,ENG,,17,15.11,57,8,10,8
843,AB,9,PICE,ENG,,17.5,15.43,62,8,10,9
844,AB,9,PICE,ENG,,18,15.74,66,9,11,9
845,AB,9,PICE,ENG,,18.5,16.06,71,9,12,10
846,AB,9,PICE,ENG,,19,16.37,76,10,12,10
847,AB,9,PICE,ENG,,19.5,16.68,81,11,13,11
848,AB,9,PICE,ENG,,20,16.99,87,11,14,11
849,AB,9,PICE,ENG,,20.5,17.29,92,12,15,12
850,AB,9,PICE,ENG,,21,17.6,98,12,16,12
851,AB,9,PICE,ENG,,21.5,17.9,104,13,17,13
852,AB,9,PICE,ENG,,22,18.2,111,14,17,13
853,AB,9,PICE,ENG,,22.5,18.5,117,15,18,14
854,AB,9,PICE,ENG,,23,18.79,124,15,19,14
855,AB,9,PICE,ENG,,23.5,19.09,131,16,20,15
856,AB,9,PICE,ENG,,24,19.38,138,17,21,15
857,AB,9,PICE,ENG,,24.5,19.67,145,18,22,16
858,AB,9,PICE,ENG,,25,19.96,153,19,24,17
859,AB,9,PICE,ENG,,25.5,20.25,161,20,25,17
860,AB,9,PICE,ENG,,26,20.53,169,21,26,18
861,AB,9,PICE,ENG,,26.5,20.82,177,22,27,18
862,AB,9,PICE,ENG,,27,21.1,186,22,28,19
863,AB,9,PICE,ENG,,27.5,21.38,195,23,29,20
864,AB,9,PICE,ENG,,28,21.66,204,24,31,20
865,AB,9,PICE,ENG,,28.5,21.94,213,26,32,21
866,AB,9,PICE,ENG,,29,22.22,223,27,33,22
867,AB,9,PICE,ENG,,29.5,22.49,233,28,35,22
868,AB,9,PICE,ENG,,30,22.77,243,29,36,23
900,AB,14,PICE,ENG,,15,13.8,41,6,12,9
901,AB,14,PICE,ENG,,15.5,14.13,45,6,13,9
902,AB,14,PICE,ENG,,16,14.46,48,7,14,10
903,AB,14,PICE,ENG,,16.5,14.78,52,7,15,10
904,AB,14,PICE,ENG,,17,15.11,56,8,16,11
905,AB,14,PICE,ENG,,17.5,15.43,61,8,17,11
906,AB,14,PICE,ENG,,18,15.74,65,9,18,12
907,AB,14,PICE,ENG,,18.5,16.06,70,9,20,13
908,AB,14,PICE,ENG,,19,16.37,75,10,21,13
909,AB,14,PICE,ENG,,19.5,16.68,80,11,22,14
910,AB,14,PICE,ENG,,20,16.99,85,11,23,15
911,AB,14,PICE,ENG,,20.5,17.29,91,12,25,15
912,AB,14,PICE,ENG,,21,17.6,97,13,26,16
913,AB,14,PICE,ENG,,21.5,17.9,103,13,28,17
914,AB,14,PICE,ENG,,22,18.2,109,14,29,18
915,AB,14,PICE,ENG,,22.5,18.5,115,15,30,18
916,AB,14,PICE,ENG,,23,18.79,122,15,32,19
917,AB,14,PICE,ENG,,23.5,19.09,129,16,34,20
918,AB,14,PICE,ENG,,24,19.38,136,17,35,21
919,AB,14,PICE,ENG,,24.5,19.67,143,18,37,21
920,AB,14,PICE,ENG,,25,19.96,151,18,39,22
921,AB,14,PICE,ENG,,25.5,20.25,158,19,41,23
922,AB,14,PICE,ENG,,26,20.53,166,20,42,24
923,AB,14,PICE,ENG,,26.5,20.82,175,21,44,25
924,AB,14,PICE,ENG,,27,21.1,183,22,46,26
925,AB,14,PICE,ENG,,27.5,21.38,192,23,48,27
926,AB,14,PICE,ENG,,28,21.66,201,24,50,28
927,AB,14,PICE,ENG,,28.5,21.94,210,25,52,29
928,AB,14,PICE,ENG,,29,22.22,220,26,54,30
929,AB,14,PICE,ENG,,29.5,22.49,230,27,56,31
930,AB,14,PICE,ENG,,30,22.77,240,28,59,31
931,AB,4,PICE,GLA,,15,17.3,54,8,2,7
932,AB,4,PICE,GLA,,15.5,17.53,58,8,2,7
933,AB,4,PICE,GLA,,16,17.76,62,9,2,8
934,AB,4,PICE,GLA,,16.5,17.99,66,9,2,8
935,AB,4,PICE,GLA,,17,18.21,70,10,2,9
936,AB,4,PICE,GLA,,17.5,18.43,75,10,3,9
937,AB,4,PICE,GLA,,18,18.64,79,11,3,9
938,AB,4,PICE,GLA,,18.5,18.85,84,12,3,10
939,AB,4,PICE,GLA,,19,19.06,88,12,3,10
940,AB,4,PICE,GLA,,19.5,19.26,93,13,4,11
941,AB,4,PICE,GLA,,20,19.46,98,13,4,11
942,AB,4,PICE,GLA,,20.5,19.66,104,14,4,12
943,AB,4,PICE,GLA,,21,19.86,109,15,4,12
944,AB,4,PICE,GLA,,21.5,20.05,114,15,5,13
945,AB,4,PICE,GLA,,22,20.24,120,16,5,13
946,AB,4,PICE,GLA,,22.5,20.43,126,17,5,14
947,AB,4,PICE,GLA,,23,20.61,131,17,6,14
948,AB,4,PICE,GLA,,23.5,20.79,137,18,6,15
949,AB,4,PICE,GLA,,24,20.97,143,19,6,15
950,AB,4,PICE,GLA,,24.5,21.15,150,20,7,16
951,AB,4,PICE,GLA,,25,21.33,156,20,7,16
952,AB,4,PICE,GLA,,25.5,21.5,163,21,8,17
953,AB,4,PICE,GLA,,26,21.67,169,22,8,17
954,AB,4,PICE,GLA,,26.5,21.84,176,23,8,18
955,AB,4,PICE,GLA,,27,22.01,183,23,9,19
956,AB,4,PICE,GLA,,27.5,22.18,190,24,9,19
957,AB,4,PICE,GLA,,28,22.34,198,25,10,20
958,AB,4,PICE,GLA,,28.5,22.5,205,26,10,20
959,AB,4,PICE,GLA,,29,22.67,213,27,11,21
960,AB,4,PICE,GLA,,29.5,22.82,220,28,11,22
961,AB,4,PICE,GLA,,30,22.98,228,28,12,22
962,AB,5,PICE,GLA,,15,17.3,55,8,6,6
963,AB,5,PICE,GLA,,15.5,17.53,59,8,6,6
964,AB,5,PICE,GLA,,16,17.76,63,9,7,6
965,AB,5,PICE,GLA,,16.5,17.99,67,9,8,7
966,AB,5,PICE,GLA,,17,18.21,72,10,8,7
967,AB,5,PICE,GLA,,17.5,18.43,77,10,9,8
968,AB,5,PICE,GLA,,18,18.64,82,11,9,8
969,AB,5,PICE,GLA,,18.5,18.85,87,12,10,8
970,AB,5,PICE,GLA,,19,19.06,92,12,11,9
971,AB,5,PICE,GLA,,19.5,19.26,97,13,12,9
972,AB,5,PICE,GLA,,20,19.46,103,14,12,10
973,AB,5,PICE,GLA,,20.5,19.66,108,14,13,10
974,AB,5,PICE,GLA,,21,19.86,114,15,14,11
975,AB,5,PICE,GLA,,21.5,20.05,120,16,15,11
976,AB,5,PICE,GLA,,22,20.24,127,16,16,12
977,AB,5,PICE,GLA,,22.5,20.43,133,17,17,12
978,AB,5,PICE,GLA,,23,20.61,140,18,17,13
979,AB,5,PICE,GLA,,23.5,20.79,146,19,18,14
980,AB,5,PICE,GLA,,24,20.97,153,20,19,14
981,AB,5,PICE,GLA,,24.5,21.15,160,20,20,15
982,AB,5,PICE,GLA,,25,21.33,168,21,22,15
983,AB,5,PICE,GLA,,25.5,21.5,175,22,23,16
984,AB,5,PICE,GLA,,26,21.67,183,23,24,16
985,AB,5,PICE,GLA,,26.5,21.84,190,24,25,17
986,AB,5,PICE,GLA,,27,22.01,198,25,26,18
987,AB,5,PICE,GLA,,27.5,22.18,207,26,27,18
988,AB,5,PICE,GLA,,28,22.34,215,27,29,19
989,AB,5,PICE,GLA,,28.5,22.5,223,28,30,20
990,AB,5,PICE,GLA,,29,22.67,232,29,31,20
991,AB,5,PICE,GLA,,29.5,22.82,241,30,33,21
992,AB,5,PICE,GLA,,30,22.98,250,31,34,22
993,AB,6,PICE,GLA,,15,17.3,60,8,4,5
994,AB,6,PICE,GLA,,15.5,17.53,65,8,4,6
995,AB,6,PICE,GLA,,16,17.76,69,9,4,6
996,AB,6,PICE,GLA,,16.5,17.99,74,9,5,6
997,AB,6,PICE,GLA,,17,18.21,79,10,5,7
998,AB,6,PICE,GLA,,17.5,18.43,84,10,6,7
999,AB,6,PICE,GLA,,18,18.64,89,11,6,7
1000,AB,6,PICE,GLA,,18.5,18.85,94,11,7,8
1001,AB,6,PICE,GLA,,19,19.06,99,12,7,8
1002,AB,6,PICE,GLA,,19.5,19.26,105,13,8,9
1003,AB,6,PICE,GLA,,20,19.46,110,13,8,9
1004,AB,6,PICE,GLA,,20.5,19.66,116,14,9,9
1005,AB,6,PICE,GLA,,21,19.86,122,15,9,10
1006,AB,6,PICE,GLA,,21.5,20.05,129,15,10,10
1007,AB,6,PICE,GLA,,22,20.24,135,16,11,11
1008,AB,6,PICE,GLA,,22.5,20.43,141,17,12,11
1009,AB,6,PICE,GLA,,23,20.61,148,17,12,12
1010,AB,6,PICE,GLA,,23.5,20.79,155,18,13,12
1011,AB,6,PICE,GLA,,24,20.97,162,19,14,13
1012,AB,6,PICE,GLA,,24.5,21.15,169,20,15,13
1013,AB,6,PICE,GLA,,25,21.33,176,20,15,14
1014,AB,6,PICE,GLA,,25.5,21.5,184,21,16,14
1015,AB,6,PICE,GLA,,26,21.67,191,22,17,15
1016,AB,6,PICE,GLA,,26.5,21.84,199,23,18,15
1017,AB,6,PICE,GLA,,27,22.01,207,24,19,16
1018,AB,6,PICE,GLA,,27.5,22.18,215,24,20,17
1019,AB,6,PICE,GLA,,28,22.34,223,25,21,17
1020,AB,6,PICE,GLA,,28.5,22.5,232,26,22,18
1021,AB,6,PICE,GLA,,29,22.67,240,27,24,18
1022,AB,6,PICE,GLA,,29.5,22.82,249,28,25,19
1023,AB,6,PICE,GLA,,30,22.98,258,29,26,20
1024,AB,9,PICE,GLA,,15,17.3,53,7,5,5
1025,AB,9,PICE,GLA,,15.5,17.53,57,7,5,5
1026,AB,9,PICE,GLA,,16,17.76,61,8,6,6
1027,AB,9,PICE,GLA,,16.5,17.99,65,8,6,6
1028,AB,9,PICE,GLA,,17,18.21,70,9,7,6
1029,AB,9,PICE,GLA,,17.5,18.43,74,10,7,7
1030,AB,9,PICE,GLA,,18,18.64,79,10,8,7
1031,AB,9,PICE,GLA,,18.5,18.85,84,11,9,8
1032,AB,9,PICE,GLA,,19,19.06,89,11,9,8
1033,AB,9,PICE,GLA,,19.5,19.26,95,12,10,9
1034,AB,9,PICE,GLA,,20,19.46,100,13,11,9
1035,AB,9,PICE,GLA,,20.5,19.66,106,13,12,10
1036,AB,9,PICE,GLA,,21,19.86,112,14,12,10
1037,AB,9,PICE,GLA,,21.5,20.05,117,15,13,11
1038,AB,9,PICE,GLA,,22,20.24,124,15,14,11
1039,AB,9,PICE,GLA,,22.5,20.43,130,16,15,12
1040,AB,9,PICE,GLA,,23,20.61,136,17,16,13
1041,AB,9,PICE,GLA,,23.5,20.79,143,18,17,13
1042,AB,9,PICE,GLA,,24,20.97,150,18,18,14
1043,AB,9,PICE,GLA,,24.5,21.15,157,19,19,15
1044,AB,9,PICE,GLA,,25,21.33,164,20,21,15
1045,AB,9,PICE,GLA,,25.5,21.5,171,21,22,16
1046,AB,9,PICE,GLA,,26,21.67,179,22,23,17
1047,AB,9,PICE,GLA,,26.5,21.84,187,22,25,17
1048,AB,9,PICE,GLA,,27,22.01,194,23,26,18
1049,AB,9,PICE,GLA,,27.5,22.18,203,24,27,19
1050,AB,9,PICE,GLA,,28,22.34,211,25,29,19
1051,AB,9,PICE,GLA,,28.5,22.5,219,26,30,20
1052,AB,9,PICE,GLA,,29,22.67,228,27,32,21
1053,AB,9,PICE,GLA,,29.5,22.82,237,28,34,22
1054,AB,9,PICE,GLA,,30,22.98,246,29,35,23
1055,AB,10,PICE,GLA,,15,17.3,55,8,6,6
1056,AB,10,PICE,GLA,,15.5,17.53,59,8,6,6
1057,AB,10,PICE,GLA,,16,17.76,63,9,7,6
1058,AB,10,PICE,GLA,,16.5,17.99,67,9,8,7
1059,AB,10,PICE,GLA,,17,18.21,72,10,8,7
1060,AB,10,PICE,GLA,,17.5,18.43,77,10,9,8
1061,AB,10,PICE,GLA,,18,18.64,82,11,9,8
1062,AB,10,PICE,GLA,,18.5,18.85,87,12,10,8
1063,AB,10,PICE,GLA,,19,19.06,92,12,11,9
1064,AB,10,PICE,GLA,,19.5,19.26,97,13,12,9
1065,AB,10,PICE,GLA,,20,19.46,103,14,12,10
1066,AB,10,PICE,GLA,,20.5,19.66,108,14,13,10
1067,AB,10,PICE,GLA,,21,19.86,114,15,14,11
1068,AB,10,PICE,GLA,,21.5,20.05,120,16,15,11
1069,AB,10,PICE,GLA,,22,20.24,127,16,16,12
1070,AB,10,PICE,GLA,,22.5,20.43,133,17,17,12
1071,AB,10,PICE,GLA,,23,20.61,140,18,17,13
1072,AB,10,PICE,GLA,,23.5,20.79,146,19,18,14
1073,AB,10,PICE,GLA,,24,20.97,153,20,19,14
1074,AB,10,PICE,GLA,,24.5,21.15,160,20,20,15
1075,AB,10,PICE,GLA,,25,21.33,168,21,22,15
1076,AB,10,PICE,GLA,,25.5,21.5,175,22,23,16
1077,AB,10,PICE,GLA,,26,21.67,183,23,24,16
1078,AB,10,PICE,GLA,,26.5,21.84,190,24,25,17
1079,AB,10,PICE,GLA,,27,22.01,198,25,26,18
1080,AB,10,PICE,GLA,,27.5,22.18,207,26,27,18
1081,AB,10,PICE,GLA,,28,22.34,215,27,29,19
1082,AB,10,PICE,GLA,,28.5,22.5,223,28,30,20
1083,AB,10,PICE,GLA,,29,22.67,232,29,31,20
1084,AB,10,PICE,GLA,,29.5,22.82,241,30,33,21
1085,AB,10,PICE,GLA,,30,22.98,250,31,34,22
1086,AB,14,PICE,GLA,,15,17.3,55,8,6,6
1087,AB,14,PICE,GLA,,15.5,17.53,59,8,6,6
1088,AB,14,PICE,GLA,,16,17.76,63,9,7,6
1089,AB,14,PICE,GLA,,16.5,17.99,67,9,8,7
1090,AB,14,PICE,GLA,,17,18.21,72,10,8,7
1091,AB,14,PICE,GLA,,17.5,18.43,77,10,9,8
1092,AB,14,PICE,GLA,,18,18.64,82,11,9,8
1093,AB,14,PICE,GLA,,18.5,18.85,87,12,10,8
1094,AB,14,PICE,GLA,,19,19.06,92,12,11,9
1095,AB,14,PICE,GLA,,19.5,19.26,97,13,12,9
1096,AB,14,PICE,GLA,,20,19.46,103,14,12,10
1097,AB,14,PICE,GLA,,20.5,19.66,108,14,13,10
1098,AB,14,PICE,GLA,,21,19.86,114,15,14,11
1099,AB,14,PICE,GLA,,21.5,20.05,120,16,15,11
1100,AB,14,PICE,GLA,,22,20.24,127,16,16,12
1101,AB,14,PICE,GLA,,22.5,20.43,133,17,17,12
1102,AB,14,PICE,GLA,,23,20.61,140,18,17,13
1103,AB,14,PICE,GLA,,23.5,20.79,146,19,18,14
1104,AB,14,PICE,GLA,,24,20.97,153,20,19,14
1105,AB,14,PICE,GLA,,24.5,21.15,160,20,20,15
1106,AB,14,PICE,GLA,,25,21.33,168,21,22,15
1107,AB,14,PICE,GLA,,25.5,21.5,175,22,23,16
1108,AB,14,PICE,GLA,,26,21.67,183,23,24,16
1109,AB,14,PICE,GLA,,26.5,21.84,190,24,25,17
1110,AB,14,PICE,GLA,,27,22.01,198,25,26,18
1111,AB,14,PICE,GLA,,27.5,22.18,207,26,27,18
1112,AB,14,PICE,GLA,,28,22.34,215,27,29,19
1113,AB,14,PICE,GLA,,28.5,22.5,223,28,30,20
1114,AB,14,PICE,GLA,,29,22.67,232,29,31,20
1115,AB,14,PICE,GLA,,29.5,22.82,241,30,33,21
1116,AB,14,PICE,GLA,,30,22.98,250,31,34,22
1117,AB,4,PICE,MAR,,15,23.68,97,13,3,5
1118,AB,4,PICE,MAR,,15.5,23.8,103,14,4,5
1119,AB,4,PICE,MAR,,16,23.91,108,15,4,5
1120,AB,4,PICE,MAR,,16.5,24.02,114,16,4,6
1121,AB,4,PICE,MAR,,17,24.13,121,16,5,6
1122,AB,4,PICE,MAR,,17.5,24.23,127,17,5,6
1123,AB,4,PICE,MAR,,18,24.34,133,18,5,7
1124,AB,4,PICE,MAR,,18.5,24.44,140,19,6,7
1125,AB,4,PICE,MAR,,19,24.53,147,20,6,7
1126,AB,4,PICE,MAR,,19.5,24.63,154,21,6,8
1127,AB,4,PICE,MAR,,20,24.72,161,21,7,8
1128,AB,4,PICE,MAR,,20.5,24.82,168,22,7,8
1129,AB,4,PICE,MAR,,21,24.91,175,23,7,9
1130,AB,4,PICE,MAR,,21.5,24.99,183,24,8,9
1131,AB,4,PICE,MAR,,22,25.08,190,25,8,9
1132,AB,4,PICE,MAR,,22.5,25.16,198,26,8,10
1133,AB,4,PICE,MAR,,23,25.25,206,27,9,10
1134,AB,4,PICE,MAR,,23.5,25.33,214,28,9,11
1135,AB,4,PICE,MAR,,24,25.41,222,29,10,11
1136,AB,4,PICE,MAR,,24.5,25.49,230,30,10,11
1137,AB,4,PICE,MAR,,25,25.57,238,31,11,12
1138,AB,4,PICE,MAR,,25.5,25.64,247,32,11,12
1139,AB,4,PICE,MAR,,26,25.72,256,33,12,12
1140,AB,4,PICE,MAR,,26.5,25.79,264,34,12,13
1141,AB,4,PICE,MAR,,27,25.86,273,35,13,13
1142,AB,4,PICE,MAR,,27.5,25.93,282,36,13,14
1143,AB,4,PICE,MAR,,28,26,291,37,14,14
1144,AB,4,PICE,MAR,,28.5,26.07,300,39,14,15
1145,AB,4,PICE,MAR,,29,26.14,310,40,15,15
1146,AB,4,PICE,MAR,,29.5,26.21,319,41,15,15
1147,AB,4,PICE,MAR,,30,26.27,329,42,16,16
1148,AB,5,PICE,MAR,,15,23.68,84,10,3,3
1149,AB,5,PICE,MAR,,15.5,23.8,89,10,3,3
1150,AB,5,PICE,MAR,,16,23.91,94,11,4,3
1151,AB,5,PICE,MAR,,16.5,24.02,100,12,4,4
1152,AB,5,PICE,MAR,,17,24.13,106,12,4,4
1153,AB,5,PICE,MAR,,17.5,24.23,112,13,5,4
1154,AB,5,PICE,MAR,,18,24.34,118,14,5,5
1155,AB,5,PICE,MAR,,18.5,24.44,124,14,6,5
1156,AB,5,PICE,MAR,,19,24.53,130,15,6,5
1157,AB,5,PICE,MAR,,19.5,24.63,137,16,7,5
1158,AB,5,PICE,MAR,,20,24.72,144,17,7,6
1159,AB,5,PICE,MAR,,20.5,24.82,151,17,8,6
1160,AB,5,PICE,MAR,,21,24.91,158,18,8,7
1161,AB,5,PICE,MAR,,21.5,24.99,165,19,9,7
1162,AB,5,PICE,MAR,,22,25.08,172,20,10,7
1163,AB,5,PICE,MAR,,22.5,25.16,179,21,10,8
1164,AB,5,PICE,MAR,,23,25.25,187,22,11,8
1165,AB,5,PICE,MAR,,23.5,25.33,195,22,12,8
1166,AB,5,PICE,MAR,,24,25.41,203,23,12,9
1167,AB,5,PICE,MAR,,24.5,25.49,211,24,13,9
1168,AB,5,PICE,MAR,,25,25.57,219,25,14,10
1169,AB,5,PICE,MAR,,25.5,25.64,227,26,15,10
1170,AB,5,PICE,MAR,,26,25.72,236,27,16,11
1171,AB,5,PICE,MAR,,26.5,25.79,244,28,17,11
1172,AB,5,PICE,MAR,,27,25.86,253,29,18,12
1173,AB,5,PICE,MAR,,27.5,25.93,262,30,19,12
1174,AB,5,PICE,MAR,,28,26,271,31,20,13
1175,AB,5,PICE,MAR,,28.5,26.07,280,32,21,13
1176,AB,5,PICE,MAR,,29,26.14,290,33,22,14
1177,AB,5,PICE,MAR,,29.5,26.21,299,34,23,14
1178,AB,5,PICE,MAR,,30,26.27,309,35,24,15
1179,AB,6,PICE,MAR,,15,23.68,82,11,3,3
1180,AB,6,PICE,MAR,,15.5,23.8,88,11,3,3
1181,AB,6,PICE,MAR,,16,23.91,93,12,4,3
1182,AB,6,PICE,MAR,,16.5,24.02,99,13,4,3
1183,AB,6,PICE,MAR,,17,24.13,105,14,5,4
1184,AB,6,PICE,MAR,,17.5,24.23,111,14,5,4
1185,AB,6,PICE,MAR,,18,24.34,117,15,5,4
1186,AB,6,PICE,MAR,,18.5,24.44,123,16,6,5
1187,AB,6,PICE,MAR,,19,24.53,130,16,6,5
1188,AB,6,PICE,MAR,,19.5,24.63,136,17,7,5
1189,AB,6,PICE,MAR,,20,24.72,143,18,7,6
1190,AB,6,PICE,MAR,,20.5,24.82,150,19,8,6
1191,AB,6,PICE,MAR,,21,24.91,157,20,9,6
1192,AB,6,PICE,MAR,,21.5,24.99,165,21,9,7
1193,AB,6,PICE,MAR,,22,25.08,172,21,10,7
1194,AB,6,PICE,MAR,,22.5,25.16,180,22,11,7
1195,AB,6,PICE,MAR,,23,25.25,187,23,11,8
1196,AB,6,PICE,MAR,,23.5,25.33,195,24,12,8
1197,AB,6,PICE,MAR,,24,25.41,203,25,13,9
1198,AB,6,PICE,MAR,,24.5,25.49,212,26,14,9
1199,AB,6,PICE,MAR,,25,25.57,220,27,15,10
1200,AB,6,PICE,MAR,,25.5,25.64,229,28,15,10
1201,AB,6,PICE,MAR,,26,25.72,238,29,16,11
1202,AB,6,PICE,MAR,,26.5,25.79,246,30,17,11
1203,AB,6,PICE,MAR,,27,25.86,255,31,18,12
1204,AB,6,PICE,MAR,,27.5,25.93,265,32,19,12
1205,AB,6,PICE,MAR,,28,26,274,33,21,13
1206,AB,6,PICE,MAR,,28.5,26.07,283,34,22,13
1207,AB,6,PICE,MAR,,29,26.14,293,35,23,14
1208,AB,6,PICE,MAR,,29.5,26.21,303,36,24,15
1209,AB,6,PICE,MAR,,30,26.27,313,38,25,15
1210,AB,9,PICE,MAR,,15,23.68,86,9,4,3
1211,AB,9,PICE,MAR,,15.5,23.8,92,10,4,4
1212,AB,9,PICE,MAR,,16,23.91,98,11,4,4
1213,AB,9,PICE,MAR,,16.5,24.02,104,11,5,4
1214,AB,9,PICE,MAR,,17,24.13,110,12,5,5
1215,AB,9,PICE,MAR,,17.5,24.23,116,12,6,5
1216,AB,9,PICE,MAR,,18,24.34,122,13,6,5
1217,AB,9,PICE,MAR,,18.5,24.44,129,14,7,6
1218,AB,9,PICE,MAR,,19,24.53,136,14,7,6
1219,AB,9,PICE,MAR,,19.5,24.63,143,15,8,7
1220,AB,9,PICE,MAR,,20,24.72,150,16,9,7
1221,AB,9,PICE,MAR,,20.5,24.82,157,16,9,7
1222,AB,9,PICE,MAR,,21,24.91,165,17,10,8
1223,AB,9,PICE,MAR,,21.5,24.99,172,18,11,8
1224,AB,9,PICE,MAR,,22,25.08,180,19,12,9
1225,AB,9,PICE,MAR,,22.5,25.16,188,19,13,9
1226,AB,9,PICE,MAR,,23,25.25,196,20,14,10
1227,AB,9,PICE,MAR,,23.5,25.33,204,21,15,10
1228,AB,9,PICE,MAR,,24,25.41,213,22,16,11
1229,AB,9,PICE,MAR,,24.5,25.49,221,23,17,11
1230,AB,9,PICE,MAR,,25,25.57,230,23,18,12
1231,AB,9,PICE,MAR,,25.5,25.64,239,24,19,12
1232,AB,9,PICE,MAR,,26,25.72,248,25,20,13
1233,AB,9,PICE,MAR,,26.5,25.79,257,26,21,14
1234,AB,9,PICE,MAR,,27,25.86,267,27,23,14
1235,AB,9,PICE,MAR,,27.5,25.93,276,28,24,15
1236,AB,9,PICE,MAR,,28,26,286,29,25,16
1237,AB,9,PICE,MAR,,28.5,26.07,296,30,27,16
1238,AB,9,PICE,MAR,,29,26.14,306,31,28,17
1239,AB,9,PICE,MAR,,29.5,26.21,316,31,30,18
1240,AB,9,PICE,MAR,,30,26.27,327,32,31,18
1241,AB,10,PICE,MAR,,15,23.68,84,10,3,3
1242,AB,10,PICE,MAR,,15.5,23.8,89,10,3,3
1243,AB,10,PICE,MAR,,16,23.91,94,11,4,3
1244,AB,10,PICE,MAR,,16.5,24.02,100,12,4,4
1245,AB,10,PICE,MAR,,17,24.13,106,12,4,4
1246,AB,10,PICE,MAR,,17.5,24.23,112,13,5,4
1247,AB,10,PICE,MAR,,18,24.34,118,14,5,5
1248,AB,10,PICE,MAR,,18.5,24.44,124,14,6,5
1249,AB,10,PICE,MAR,,19,24.53,130,15,6,5
1250,AB,10,PICE,MAR,,19.5,24.63,137,16,7,5
1251,AB,10,PICE,MAR,,20,24.72,144,17,7,6
1252,AB,10,PICE,MAR,,20.5,24.82,151,17,8,6
1253,AB,10,PICE,MAR,,21,24.91,158,18,8,7
1254,AB,10,PICE,MAR,,21.5,24.99,165,19,9,7
1255,AB,10,PICE,MAR,,22,25.08,172,20,10,7
1256,AB,10,PICE,MAR,,22.5,25.16,179,21,10,8
1257,AB,10,PICE,MAR,,23,25.25,187,22,11,8
1258,AB,10,PICE,MAR,,23.5,25.33,195,22,12,8
1259,AB,10,PICE,MAR,,24,25.41,203,23,12,9
1260,AB,10,PICE,MAR,,24.5,25.49,211,24,13,9
1261,AB,10,PICE,MAR,,25,25.57,219,25,14,10
1262,AB,10,PICE,MAR,,25.5,25.64,227,26,15,10
1263,AB,10,PICE,MAR,,26,25.72,236,27,16,11
1264,AB,10,PICE,MAR,,26.5,25.79,244,28,17,11
1265,AB,10,PICE,MAR,,27,25.86,253,29,18,12
1266,AB,10,PICE,MAR,,27.5,25.93,262,30,19,12
1267,AB,10,PICE,MAR,,28,26,271,31,20,13
1268,AB,10,PICE,MAR,,28.5,26.07,280,32,21,13
1269,AB,10,PICE,MAR,,29,26.14,290,33,22,14
1270,AB,10,PICE,MAR,,29.5,26.21,299,34,23,14
1271,AB,10,PICE,MAR,,30,26.27,309,35,24,15
1272,AB,14,PICE,MAR,,15,23.68,84,10,3,3
1273,AB,14,PICE,MAR,,15.5,23.8,89,10,3,3
1274,AB,14,PICE,MAR,,16,23.91,94,11,4,3
1275,AB,14,PICE,MAR,,16.5,24.02,100,12,4,4
1276,AB,14,PICE,MAR,,17,24.13,106,12,4,4
1277,AB,14,PICE,MAR,,17.5,24.23,112,13,5,4
1278,AB,14,PICE,MAR,,18,24.34,118,14,5,5
1279,AB,14,PICE,MAR,,18.5,24.44,124,14,6,5
1280,AB,14,PICE,MAR,,19,24.53,130,15,6,5
1281,AB,14,PICE,MAR,,19.5,24.63,137,16,7,5
1282,AB,14,PICE,MAR,,20,24.72,144,17,7,6
1283,AB,14,PICE,MAR,,20.5,24.82,151,17,8,6
1284,AB,14,PICE,MAR,,21,24.91,158,18,8,7
1285,AB,14,PICE,MAR,,21.5,24.99,165,19,9,7
1286,AB,14,PICE,MAR,,22,25.08,172,20,10,7
1287,AB,14,PICE,MAR,,22.5,25.16,179,21,10,8
1288,AB,14,PICE,MAR,,23,25.25,187,22,11,8
1289,AB,14,PICE,MAR,,23.5,25.33,195,22,12,8
1290,AB,14,PICE,MAR,,24,25.41,203,23,12,9
1291,AB,14,PICE,MAR,,24.5,25.49,211,24,13,9
1292,AB,14,PICE,MAR,,25,25.57,219,25,14,10
1293,AB,14,PICE,MAR,,25.5,25.64,227,26,15,10
1294,AB,14,PICE,MAR,,26,25.72,236,27,16,11
1295,AB,14,PICE,MAR,,26.5,25.79,244,28,17,11
1296,AB,14,PICE,MAR,,27,25.86,253,29,18,12
1297,AB,14,PICE,MAR,,27.5,25.93,262,30,19,12
1298,AB,14,PICE,MAR,,28,26,271,31,20,13
1299,AB,14,PICE,MAR,,28.5,26.07,280,32,21,13
1300,AB,14,PICE,MAR,,29,26.14,290,33,22,14
1301,AB,14,PICE,MAR,,29.5,26.21,299,34,23,14
1302,AB,14,PICE,MAR,,30,26.27,309,35,24,15
1303,AB,4,PINU,BAN,,15,18.5,70,5,1,3
1304,AB,4,PINU,BAN,,15.5,18.54,74,6,1,3
1305,AB,4,PINU,BAN,,16,18.58,79,6,1,3
1306,AB,4,PINU,BAN,,16.5,18.62,83,6,1,3
1307,AB,4,PINU,BAN,,17,18.66,88,6,1,4
1308,AB,4,PINU,BAN,,17.5,18.69,92,7,1,4
1309,AB,4,PINU,BAN,,18,18.73,97,7,1,4
1310,AB,4,PINU,BAN,,18.5,18.76,102,7,1,4
1311,AB,4,PINU,BAN,,19,18.79,107,8,2,4
1312,AB,4,PINU,BAN,,19.5,18.82,112,8,2,4
1313,AB,4,PINU,BAN,,20,18.86,118,8,2,5
1314,AB,4,PINU,BAN,,20.5,18.89,123,8,2,5
1315,AB,4,PINU,BAN,,21,18.92,128,9,2,5
1316,AB,4,PINU,BAN,,21.5,18.94,134,9,2,5
1317,AB,4,PINU,BAN,,22,18.97,140,9,3,5
1318,AB,4,PINU,BAN,,22.5,19,145,10,3,6
1319,AB,4,PINU,BAN,,23,19.03,151,10,3,6
1320,AB,4,PINU,BAN,,23.5,19.05,157,10,3,6
1321,AB,4,PINU,BAN,,24,19.08,163,11,4,6
1322,AB,4,PINU,BAN,,24.5,19.11,170,11,4,6
1323,AB,4,PINU,BAN,,25,19.13,176,12,4,7
1324,AB,4,PINU,BAN,,25.5,19.16,182,12,5,7
1325,AB,4,PINU,BAN,,26,19.18,189,12,5,7
1326,AB,4,PINU,BAN,,26.5,19.21,195,13,5,7
1327,AB,4,PINU,BAN,,27,19.23,202,13,6,7
1328,AB,4,PINU,BAN,,27.5,19.25,209,13,6,8
1329,AB,4,PINU,BAN,,28,19.27,216,14,7,8
1330,AB,4,PINU,BAN,,28.5,19.3,223,14,7,8
1331,AB,4,PINU,BAN,,29,19.32,230,14,8,8
1332,AB,4,PINU,BAN,,29.5,19.34,237,15,8,9
1333,AB,4,PINU,BAN,,30,19.36,244,15,9,9
1334,AB,5,PINU,BAN,,15,18.5,73,6,4,4
1335,AB,5,PINU,BAN,,15.5,18.54,77,6,5,4
1336,AB,5,PINU,BAN,,16,18.58,82,7,5,5
1337,AB,5,PINU,BAN,,16.5,18.62,86,7,6,5
1338,AB,5,PINU,BAN,,17,18.66,91,7,6,5
1339,AB,5,PINU,BAN,,17.5,18.69,96,8,7,5
1340,AB,5,PINU,BAN,,18,18.73,101,8,7,6
1341,AB,5,PINU,BAN,,18.5,18.76,106,9,8,6
1342,AB,5,PINU,BAN,,19,18.79,111,9,8,6
1343,AB,5,PINU,BAN,,19.5,18.82,116,9,9,7
1344,AB,5,PINU,BAN,,20,18.86,121,10,10,7
1345,AB,5,PINU,BAN,,20.5,18.89,127,10,11,7
1346,AB,5,PINU,BAN,,21,18.92,132,11,11,8
1347,AB,5,PINU,BAN,,21.5,18.94,138,11,12,8
1348,AB,5,PINU,BAN,,22,18.97,144,11,13,8
1349,AB,5,PINU,BAN,,22.5,19,149,12,14,9
1350,AB,5,PINU,BAN,,23,19.03,155,12,15,9
1351,AB,5,PINU,BAN,,23.5,19.05,161,13,16,9
1352,AB,5,PINU,BAN,,24,19.08,168,13,17,10
1353,AB,5,PINU,BAN,,24.5,19.11,174,14,18,10
1354,AB,5,PINU,BAN,,25,19.13,180,14,19,10
1355,AB,5,PINU,BAN,,25.5,19.16,187,15,20,11
1356,AB,5,PINU,BAN,,26,19.18,193,15,22,11
1357,AB,5,PINU,BAN,,26.5,19.21,200,15,23,11
1358,AB,5,PINU,BAN,,27,19.23,206,16,24,12
1359,AB,5,PINU,BAN,,27.5,19.25,213,16,26,12
1360,AB,5,PINU,BAN,,28,19.27,220,17,27,13
1361,AB,5,PINU,BAN,,28.5,19.3,227,17,28,13
1362,AB,5,PINU,BAN,,29,19.32,234,18,30,13
1363,AB,5,PINU,BAN,,29.5,19.34,241,18,32,14
1364,AB,5,PINU,BAN,,30,19.36,249,19,33,14
1365,AB,6,PINU,BAN,,15,18.5,72,6,4,4
1366,AB,6,PINU,BAN,,15.5,18.54,76,7,5,5
1367,AB,6,PINU,BAN,,16,18.58,80,7,5,5
1368,AB,6,PINU,BAN,,16.5,18.62,85,7,6,5
1369,AB,6,PINU,BAN,,17,18.66,90,8,6,5
1370,AB,6,PINU,BAN,,17.5,18.69,95,8,7,6
1371,AB,6,PINU,BAN,,18,18.73,100,8,8,6
1372,AB,6,PINU,BAN,,18.5,18.76,105,9,8,6
1373,AB,6,PINU,BAN,,19,18.79,110,9,9,7
1374,AB,6,PINU,BAN,,19.5,18.82,115,10,10,7
1375,AB,6,PINU,BAN,,20,18.86,121,10,11,7
1376,AB,6,PINU,BAN,,20.5,18.89,126,10,12,7
1377,AB,6,PINU,BAN,,21,18.92,132,11,12,8
1378,AB,6,PINU,BAN,,21.5,18.94,137,11,13,8
1379,AB,6,PINU,BAN,,22,18.97,143,12,14,8
1380,AB,6,PINU,BAN,,22.5,19,149,12,15,9
1381,AB,6,PINU,BAN,,23,19.03,155,13,16,9
1382,AB,6,PINU,BAN,,23.5,19.05,161,13,18,9
1383,AB,6,PINU,BAN,,24,19.08,168,13,19,10
1384,AB,6,PINU,BAN,,24.5,19.11,174,14,20,10
1385,AB,6,PINU,BAN,,25,19.13,181,14,21,10
1386,AB,6,PINU,BAN,,25.5,19.16,187,15,23,11
1387,AB,6,PINU,BAN,,26,19.18,194,15,24,11
1388,AB,6,PINU,BAN,,26.5,19.21,201,16,26,11
1389,AB,6,PINU,BAN,,27,19.23,208,16,27,12
1390,AB,6,PINU,BAN,,27.5,19.25,215,17,29,12
1391,AB,6,PINU,BAN,,28,19.27,222,17,30,13
1392,AB,6,PINU,BAN,,28.5,19.3,229,18,32,13
1393,AB,6,PINU,BAN,,29,19.32,236,18,34,13
1394,AB,6,PINU,BAN,,29.5,19.34,244,19,36,14
1395,AB,6,PINU,BAN,,30,19.36,251,19,38,14
1396,AB,9,PINU,BAN,,15,18.5,76,5,3,2
1397,AB,9,PINU,BAN,,15.5,18.54,80,6,4,3
1398,AB,9,PINU,BAN,,16,18.58,84,6,4,3
1399,AB,9,PINU,BAN,,16.5,18.62,88,6,5,3
1400,AB,9,PINU,BAN,,17,18.66,93,7,5,3
1401,AB,9,PINU,BAN,,17.5,18.69,97,7,6,4
1402,AB,9,PINU,BAN,,18,18.73,102,7,6,4
1403,AB,9,PINU,BAN,,18.5,18.76,107,8,7,4
1404,AB,9,PINU,BAN,,19,18.79,111,8,7,5
1405,AB,9,PINU,BAN,,19.5,18.82,116,9,8,5
1406,AB,9,PINU,BAN,,20,18.86,121,9,9,5
1407,AB,9,PINU,BAN,,20.5,18.89,126,10,10,6
1408,AB,9,PINU,BAN,,21,18.92,131,10,10,6
1409,AB,9,PINU,BAN,,21.5,18.94,136,11,11,6
1410,AB,9,PINU,BAN,,22,18.97,141,11,12,7
1411,AB,9,PINU,BAN,,22.5,19,147,12,13,7
1412,AB,9,PINU,BAN,,23,19.03,152,12,14,7
1413,AB,9,PINU,BAN,,23.5,19.05,157,13,15,8
1414,AB,9,PINU,BAN,,24,19.08,163,13,16,8
1415,AB,9,PINU,BAN,,24.5,19.11,168,14,17,9
1416,AB,9,PINU,BAN,,25,19.13,174,14,18,9
1417,AB,9,PINU,BAN,,25.5,19.16,180,15,19,10
1418,AB,9,PINU,BAN,,26,19.18,185,15,20,10
1419,AB,9,PINU,BAN,,26.5,19.21,191,16,22,11
1420,AB,9,PINU,BAN,,27,19.23,197,17,23,11
1421,AB,9,PINU,BAN,,27.5,19.25,203,17,24,12
1422,AB,9,PINU,BAN,,28,19.27,209,18,26,13
1423,AB,9,PINU,BAN,,28.5,19.3,215,18,27,13
1424,AB,9,PINU,BAN,,29,19.32,222,19,29,14
1425,AB,9,PINU,BAN,,29.5,19.34,228,20,31,15
1426,AB,9,PINU,BAN,,30,19.36,234,20,32,15
1427,AB,10,PINU,BAN,,15,18.5,73,6,4,4
1428,AB,10,PINU,BAN,,15.5,18.54,77,6,5,4
1429,AB,10,PINU,BAN,,16,18.58,82,7,5,5
1430,AB,10,PINU,BAN,,16.5,18.62,86,7,6,5
1431,AB,10,PINU,BAN,,17,18.66,91,7,6,5
1432,AB,10,PINU,BAN,,17.5,18.69,96,8,7,5
1433,AB,10,PINU,BAN,,18,18.73,101,8,7,6
1434,AB,10,PINU,BAN,,18.5,18.76,106,9,8,6
1435,AB,10,PINU,BAN,,19,18.79,111,9,8,6
1436,AB,10,PINU,BAN,,19.5,18.82,116,9,9,7
1437,AB,10,PINU,BAN,,20,18.86,121,10,10,7
1438,AB,10,PINU,BAN,,20.5,18.89,127,10,11,7
1439,AB,10,PINU,BAN,,21,18.92,132,11,11,8
1440,AB,10,PINU,BAN,,21.5,18.94,138,11,12,8
1441,AB,10,PINU,BAN,,22,18.97,144,11,13,8
1442,AB,10,PINU,BAN,,22.5,19,149,12,14,9
1443,AB,10,PINU,BAN,,23,19.03,155,12,15,9
1444,AB,10,PINU,BAN,,23.5,19.05,161,13,16,9
1445,AB,10,PINU,BAN,,24,19.08,168,13,17,10
1446,AB,10,PINU,BAN,,24.5,19.11,174,14,18,10
1447,AB,10,PINU,BAN,,25,19.13,180,14,19,10
1448,AB,10,PINU,BAN,,25.5,19.16,187,15,20,11
1449,AB,10,PINU,BAN,,26,19.18,193,15,22,11
1450,AB,10,PINU,BAN,,26.5,19.21,200,15,23,11
1451,AB,10,PINU,BAN,,27,19.23,206,16,24,12
1452,AB,10,PINU,BAN,,27.5,19.25,213,16,26,12
1453,AB,10,PINU,BAN,,28,19.27,220,17,27,13
1454,AB,10,PINU,BAN,,28.5,19.3,227,17,28,13
1455,AB,10,PINU,BAN,,29,19.32,234,18,30,13
1456,AB,10,PINU,BAN,,29.5,19.34,241,18,32,14
1457,AB,10,PINU,BAN,,30,19.36,249,19,33,14
1489,AB,4,PINU,CON,LAT,15,23.04,95,8,3,2
1490,AB,4,PINU,CON,LAT,15.5,23.23,101,8,3,2
1491,AB,4,PINU,CON,LAT,16,23.41,107,9,4,3
1492,AB,4,PINU,CON,LAT,16.5,23.59,114,9,4,3
1493,AB,4,PINU,CON,LAT,17,23.76,121,10,4,3
1494,AB,4,PINU,CON,LAT,17.5,23.93,128,10,5,3
1495,AB,4,PINU,CON,LAT,18,24.1,136,11,5,3
1496,AB,4,PINU,CON,LAT,18.5,24.26,143,11,5,4
1497,AB,4,PINU,CON,LAT,19,24.42,151,12,6,4
1498,AB,4,PINU,CON,LAT,19.5,24.58,159,12,6,4
1499,AB,4,PINU,CON,LAT,20,24.73,167,13,7,4
1500,AB,4,PINU,CON,LAT,20.5,24.88,175,13,7,5
1501,AB,4,PINU,CON,LAT,21,25.03,184,14,8,5
1502,AB,4,PINU,CON,LAT,21.5,25.18,193,15,9,5
1503,AB,4,PINU,CON,LAT,22,25.32,202,15,9,5
1504,AB,4,PINU,CON,LAT,22.5,25.46,211,16,10,6
1505,AB,4,PINU,CON,LAT,23,25.6,220,17,11,6
1506,AB,4,PINU,CON,LAT,23.5,25.73,230,17,11,6
1507,AB,4,PINU,CON,LAT,24,25.87,239,18,12,7
1508,AB,4,PINU,CON,LAT,24.5,26,249,19,13,7
1509,AB,4,PINU,CON,LAT,25,26.13,259,19,14,7
1510,AB,4,PINU,CON,LAT,25.5,26.26,270,20,14,8
1511,AB,4,PINU,CON,LAT,26,26.38,280,21,15,8
1512,AB,4,PINU,CON,LAT,26.5,26.51,291,21,16,8
1513,AB,4,PINU,CON,LAT,27,26.63,302,22,17,9
1514,AB,4,PINU,CON,LAT,27.5,26.75,313,23,18,9
1515,AB,4,PINU,CON,LAT,28,26.87,324,24,19,10
1516,AB,4,PINU,CON,LAT,28.5,26.99,336,24,20,10
1517,AB,4,PINU,CON,LAT,29,27.1,348,25,21,10
1518,AB,4,PINU,CON,LAT,29.5,27.21,360,26,23,11
1519,AB,4,PINU,CON,LAT,30,27.33,372,27,24,11
1582,AB,9,PINU,CON,LAT,15,23.04,95,8,3,2
1583,AB,9,PINU,CON,LAT,15.5,23.23,101,8,3,2
1584,AB,9,PINU,CON,LAT,16,23.41,107,9,4,3
1585,AB,9,PINU,CON,LAT,16.5,23.59,114,9,4,3
1586,AB,9,PINU,CON,LAT,17,23.76,121,10,4,3
1587,AB,9,PINU,CON,LAT,17.5,23.93,128,10,5,3
1588,AB,9,PINU,CON,LAT,18,24.1,136,11,5,3
1589,AB,9,PINU,CON,LAT,18.5,24.26,143,11,5,4
1590,AB,9,PINU,CON,LAT,19,24.42,151,12,6,4
1591,AB,9,PINU,CON,LAT,19.5,24.58,159,12,6,4
1592,AB,9,PINU,CON,LAT,20,24.73,167,13,7,4
1593,AB,9,PINU,CON,LAT,20.5,24.88,175,13,7,5
1594,AB,9,PINU,CON,LAT,21,25.03,184,14,8,5
1595,AB,9,PINU,CON,LAT,21.5,25.18,193,15,9,5
1596,AB,9,PINU,CON,LAT,22,25.32,202,15,9,5
1597,AB,9,PINU,CON,LAT,22.5,25.46,211,16,10,6
1598,AB,9,PINU,CON,LAT,23,25.6,220,17,11,6
1599,AB,9,PINU,CON,LAT,23.5,25.73,230,17,11,6
1600,AB,9,PINU,CON,LAT,24,25.87,239,18,12,7
1601,AB,9,PINU,CON,LAT,24.5,26,249,19,13,7
1602,AB,9,PINU,CON,LAT,25,26.13,259,19,14,7
1603,AB,9,PINU,CON,LAT,25.5,26.26,270,20,14,8
1604,AB,9,PINU,CON,LAT,26,26.38,280,21,15,8
1605,AB,9,PINU,CON,LAT,26.5,26.51,291,21,16,8
1606,AB,9,PINU,CON,LAT,27,26.63,302,22,17,9
1607,AB,9,PINU,CON,LAT,27.5,26.75,313,23,18,9
1608,AB,9,PINU,CON,LAT,28,26.87,324,24,19,10
1609,AB,9,PINU,CON,LAT,28.5,26.99,336,24,20,10
1610,AB,9,PINU,CON,LAT,29,27.1,348,25,21,10
1611,AB,9,PINU,CON,LAT,29.5,27.21,360,26,23,11
1612,AB,9,PINU,CON,LAT,30,27.33,372,27,24,11
1613,AB,10,PINU,CON,LAT,15,23.04,95,8,3,2
1614,AB,10,PINU,CON,LAT,15.5,23.23,101,8,3,2
1615,AB,10,PINU,CON,LAT,16,23.41,107,9,4,3
1616,AB,10,PINU,CON,LAT,16.5,23.59,114,9,4,3
1617,AB,10,PINU,CON,LAT,17,23.76,121,10,4,3
1618,AB,10,PINU,CON,LAT,17.5,23.93,128,10,5,3
1619,AB,10,PINU,CON,LAT,18,24.1,136,11,5,3
1620,AB,10,PINU,CON,LAT,18.5,24.26,143,11,5,4
1621,AB,10,PINU,CON,LAT,19,24.42,151,12,6,4
1622,AB,10,PINU,CON,LAT,19.5,24.58,159,12,6,4
1623,AB,10,PINU,CON,LAT,20,24.73,167,13,7,4
1624,AB,10,PINU,CON,LAT,20.5,24.88,175,13,7,5
1625,AB,10,PINU,CON,LAT,21,25.03,184,14,8,5
1626,AB,10,PINU,CON,LAT,21.5,25.18,193,15,9,5
1627,AB,10,PINU,CON,LAT,22,25.32,202,15,9,5
1628,AB,10,PINU,CON,LAT,22.5,25.46,211,16,10,6
1629,AB,10,PINU,CON,LAT,23,25.6,220,17,11,6
1630,AB,10,PINU,CON,LAT,23.5,25.73,230,17,11,6
1631,AB,10,PINU,CON,LAT,24,25.87,239,18,12,7
1632,AB,10,PINU,CON,LAT,24.5,26,249,19,13,7
1633,AB,10,PINU,CON,LAT,25,26.13,259,19,14,7
1634,AB,10,PINU,CON,LAT,25.5,26.26,270,20,14,8
1635,AB,10,PINU,CON,LAT,26,26.38,280,21,15,8
1636,AB,10,PINU,CON,LAT,26.5,26.51,291,21,16,8
1637,AB,10,PINU,CON,LAT,27,26.63,302,22,17,9
1638,AB,10,PINU,CON,LAT,27.5,26.75,313,23,18,9
1639,AB,10,PINU,CON,LAT,28,26.87,324,24,19,10
1640,AB,10,PINU,CON,LAT,28.5,26.99,336,24,20,10
1641,AB,10,PINU,CON,LAT,29,27.1,348,25,21,10
1642,AB,10,PINU,CON,LAT,29.5,27.21,360,26,23,11
1643,AB,10,PINU,CON,LAT,30,27.33,372,27,24,11
1644,AB,14,PINU,CON,LAT,15,23.04,92,8,1,2
1645,AB,14,PINU,CON,LAT,15.5,23.23,98,9,1,2
1646,AB,14,PINU,CON,LAT,16,23.41,104,9,1,2
1647,AB,14,PINU,CON,LAT,16.5,23.59,111,10,2,2
1648,AB,14,PINU,CON,LAT,17,23.76,118,10,2,2
1649,AB,14,PINU,CON,LAT,17.5,23.93,125,11,2,3
1650,AB,14,PINU,CON,LAT,18,24.1,133,11,2,3
1651,AB,14,PINU,CON,LAT,18.5,24.26,140,12,2,3
1652,AB,14,PINU,CON,LAT,19,24.42,148,12,3,3
1653,AB,14,PINU,CON,LAT,19.5,24.58,156,13,3,3
1654,AB,14,PINU,CON,LAT,20,24.73,164,14,3,4
1655,AB,14,PINU,CON,LAT,20.5,24.88,173,14,3,4
1656,AB,14,PINU,CON,LAT,21,25.03,182,15,4,4
1657,AB,14,PINU,CON,LAT,21.5,25.18,191,15,4,4
1658,AB,14,PINU,CON,LAT,22,25.32,200,16,4,5
1659,AB,14,PINU,CON,LAT,22.5,25.46,209,16,5,5
1660,AB,14,PINU,CON,LAT,23,25.6,219,17,5,5
1661,AB,14,PINU,CON,LAT,23.5,25.73,228,18,5,5
1662,AB,14,PINU,CON,LAT,24,25.87,238,18,6,6
1663,AB,14,PINU,CON,LAT,24.5,26,249,19,6,6
1664,AB,14,PINU,CON,LAT,25,26.13,259,20,7,6
1665,AB,14,PINU,CON,LAT,25.5,26.26,270,20,7,7
1666,AB,14,PINU,CON,LAT,26,26.38,280,21,8,7
1667,AB,14,PINU,CON,LAT,26.5,26.51,292,21,8,7
1668,AB,14,PINU,CON,LAT,27,26.63,303,22,9,8
1669,AB,14,PINU,CON,LAT,27.5,26.75,314,23,9,8
1670,AB,14,PINU,CON,LAT,28,26.87,326,23,10,9
1671,AB,14,PINU,CON,LAT,28.5,26.99,338,24,10,9
1672,AB,14,PINU,CON,LAT,29,27.1,350,25,11,9
1673,AB,14,PINU,CON,LAT,29.5,27.21,363,26,12,10
1674,AB,14,PINU,CON,LAT,30,27.33,375,26,12,10
1675,AB,4,POPU,TRE,,15,23.08,67,13,2,2
1676,AB,4,POPU,TRE,,15.5,23.42,73,14,2,2
1677,AB,4,POPU,TRE,,16,23.77,79,15,2,2
1678,AB,4,POPU,TRE,,16.5,24.1,85,16,2,2
1679,AB,4,POPU,TRE,,17,24.43,91,17,3,2
1680,AB,4,POPU,TRE,,17.5,24.75,98,19,3,2
1681,AB,4,POPU,TRE,,18,25.07,105,20,3,2
1682,AB,4,POPU,TRE,,18.5,25.39,112,21,3,2
1683,AB,4,POPU,TRE,,19,25.7,119,23,4,2
1684,AB,4,POPU,TRE,,19.5,26.01,127,24,4,2
1685,AB,4,POPU,TRE,,20,26.31,135,26,4,2
1686,AB,4,POPU,TRE,,20.5,26.6,143,27,5,3
1687,AB,4,POPU,TRE,,21,26.9,152,29,5,3
1688,AB,4,POPU,TRE,,21.5,27.19,160,31,6,3
1689,AB,4,POPU,TRE,,22,27.47,170,32,6,3
1690,AB,4,POPU,TRE,,22.5,27.76,179,34,6,3
1691,AB,4,POPU,TRE,,23,28.04,189,36,7,3
1692,AB,4,POPU,TRE,,23.5,28.31,199,38,7,3
1693,AB,4,POPU,TRE,,24,28.58,209,40,8,3
1694,AB,4,POPU,TRE,,24.5,28.85,220,42,8,3
1695,AB,4,POPU,TRE,,25,29.12,231,44,9,3
1696,AB,4,POPU,TRE,,25.5,29.38,242,46,10,3
1697,AB,4,POPU,TRE,,26,29.65,254,48,10,3
1698,AB,4,POPU,TRE,,26.5,29.9,265,51,11,4
1699,AB,4,POPU,TRE,,27,30.16,278,53,11,4
1700,AB,4,POPU,TRE,,27.5,30.41,290,55,12,4
1701,AB,4,POPU,TRE,,28,30.66,303,58,13,4
1702,AB,4,POPU,TRE,,28.5,30.91,316,60,14,4
1703,AB,4,POPU,TRE,,29,31.16,330,63,14,4
1704,AB,4,POPU,TRE,,29.5,31.4,344,65,15,4
1705,AB,4,POPU,TRE,,30,31.64,358,68,16,4
1706,AB,5,POPU,TRE,,15,23.08,75,14,5,2
1707,AB,5,POPU,TRE,,15.5,23.42,81,15,6,2
1708,AB,5,POPU,TRE,,16,23.77,88,17,6,2
1709,AB,5,POPU,TRE,,16.5,24.1,95,18,7,3
1710,AB,5,POPU,TRE,,17,24.43,102,19,8,3
1711,AB,5,POPU,TRE,,17.5,24.75,109,20,8,3
1712,AB,5,POPU,TRE,,18,25.07,117,22,9,3
1713,AB,5,POPU,TRE,,18.5,25.39,125,23,9,3
1714,AB,5,POPU,TRE,,19,25.7,133,25,10,3
1715,AB,5,POPU,TRE,,19.5,26.01,142,26,11,3
1716,AB,5,POPU,TRE,,20,26.31,151,28,12,3
1717,AB,5,POPU,TRE,,20.5,26.6,160,30,12,4
1718,AB,5,POPU,TRE,,21,26.9,169,32,13,4
1719,AB,5,POPU,TRE,,21.5,27.19,179,33,14,4
1720,AB,5,POPU,TRE,,22,27.47,190,35,15,4
1721,AB,5,POPU,TRE,,22.5,27.76,200,37,16,4
1722,AB,5,POPU,TRE,,23,28.04,211,39,17,4
1723,AB,5,POPU,TRE,,23.5,28.31,222,41,18,4
1724,AB,5,POPU,TRE,,24,28.58,234,43,19,5
1725,AB,5,POPU,TRE,,24.5,28.85,246,46,20,5
1726,AB,5,POPU,TRE,,25,29.12,258,48,21,5
1727,AB,5,POPU,TRE,,25.5,29.38,271,50,22,5
1728,AB,5,POPU,TRE,,26,29.65,284,52,23,5
1729,AB,5,POPU,TRE,,26.5,29.9,297,55,24,5
1730,AB,5,POPU,TRE,,27,30.16,311,57,25,6
1731,AB,5,POPU,TRE,,27.5,30.41,325,60,27,6
1732,AB,5,POPU,TRE,,28,30.66,340,63,28,6
1733,AB,5,POPU,TRE,,28.5,30.91,354,65,29,6
1734,AB,5,POPU,TRE,,29,31.16,370,68,31,6
1735,AB,5,POPU,TRE,,29.5,31.4,385,71,32,6
1736,AB,5,POPU,TRE,,30,31.64,401,74,33,7
1737,AB,6,POPU,TRE,,15,23.08,68,14,8,3
1738,AB,6,POPU,TRE,,15.5,23.42,74,15,9,3
1739,AB,6,POPU,TRE,,16,23.77,80,16,10,3
1740,AB,6,POPU,TRE,,16.5,24.1,86,18,10,3
1741,AB,6,POPU,TRE,,17,24.43,93,19,11,3
1742,AB,6,POPU,TRE,,17.5,24.75,99,20,12,3
1743,AB,6,POPU,TRE,,18,25.07,107,22,13,4
1744,AB,6,POPU,TRE,,18.5,25.39,114,23,13,4
1745,AB,6,POPU,TRE,,19,25.7,122,25,14,4
1746,AB,6,POPU,TRE,,19.5,26.01,130,26,15,4
1747,AB,6,POPU,TRE,,20,26.31,138,28,16,4
1748,AB,6,POPU,TRE,,20.5,26.6,147,30,17,4
1749,AB,6,POPU,TRE,,21,26.9,156,31,18,4
1750,AB,6,POPU,TRE,,21.5,27.19,166,33,19,4
1751,AB,6,POPU,TRE,,22,27.47,175,35,20,4
1752,AB,6,POPU,TRE,,22.5,27.76,185,37,21,5
1753,AB,6,POPU,TRE,,23,28.04,196,39,23,5
1754,AB,6,POPU,TRE,,23.5,28.31,206,41,24,5
1755,AB,6,POPU,TRE,,24,28.58,217,43,25,5
1756,AB,6,POPU,TRE,,24.5,28.85,229,46,26,5
1757,AB,6,POPU,TRE,,25,29.12,241,48,28,5
1758,AB,6,POPU,TRE,,25.5,29.38,253,50,29,5
1759,AB,6,POPU,TRE,,26,29.65,265,53,30,5
1760,AB,6,POPU,TRE,,26.5,29.9,278,55,32,5
1761,AB,6,POPU,TRE,,27,30.16,291,57,33,6
1762,AB,6,POPU,TRE,,27.5,30.41,305,60,35,6
1763,AB,6,POPU,TRE,,28,30.66,319,63,36,6
1764,AB,6,POPU,TRE,,28.5,30.91,333,65,38,6
1765,AB,6,POPU,TRE,,29,31.16,347,68,39,6
1766,AB,6,POPU,TRE,,29.5,31.4,362,71,41,6
1767,AB,6,POPU,TRE,,30,31.64,378,74,43,6
1768,AB,9,POPU,TRE,,15,23.08,71,18,2,0
1769,AB,9,POPU,TRE,,15.5,23.42,77,19,3,0
1770,AB,9,POPU,TRE,,16,23.77,83,21,3,0
1771,AB,9,POPU,TRE,,16.5,24.1,90,22,3,1
1772,AB,9,POPU,TRE,,17,24.43,97,24,4,1
1773,AB,9,POPU,TRE,,17.5,24.75,104,25,4,1
1774,AB,9,POPU,TRE,,18,25.07,111,27,4,1
1775,AB,9,POPU,TRE,,18.5,25.39,119,29,5,1
1776,AB,9,POPU,TRE,,19,25.7,127,31,5,1
1777,AB,9,POPU,TRE,,19.5,26.01,135,33,5,1
1778,AB,9,POPU,TRE,,20,26.31,144,34,6,1
1779,AB,9,POPU,TRE,,20.5,26.6,153,36,6,1
1780,AB,9,POPU,TRE,,21,26.9,162,39,7,1
1781,AB,9,POPU,TRE,,21.5,27.19,171,41,7,1
1782,AB,9,POPU,TRE,,22,27.47,181,43,8,1
1783,AB,9,POPU,TRE,,22.5,27.76,192,45,9,1
1784,AB,9,POPU,TRE,,23,28.04,202,47,9,1
1785,AB,9,POPU,TRE,,23.5,28.31,213,50,10,1
1786,AB,9,POPU,TRE,,24,28.58,224,52,10,1
1787,AB,9,POPU,TRE,,24.5,28.85,236,55,11,1
1788,AB,9,POPU,TRE,,25,29.12,248,57,12,1
1789,AB,9,POPU,TRE,,25.5,29.38,260,60,12,1
1790,AB,9,POPU,TRE,,26,29.65,273,62,13,1
1791,AB,9,POPU,TRE,,26.5,29.9,286,65,14,1
1792,AB,9,POPU,TRE,,27,30.16,299,68,15,1
1793,AB,9,POPU,TRE,,27.5,30.41,313,71,16,1
1794,AB,9,POPU,TRE,,28,30.66,327,74,17,2
1795,AB,9,POPU,TRE,,28.5,30.91,341,77,17,2
1796,AB,9,POPU,TRE,,29,31.16,356,80,18,2
1797,AB,9,POPU,TRE,,29.5,31.4,371,83,19,2
1798,AB,9,POPU,TRE,,30,31.64,387,86,20,2
1799,AB,10,POPU,TRE,,15,23.08,75,14,5,2
1800,AB,10,POPU,TRE,,15.5,23.42,81,15,6,2
1801,AB,10,POPU,TRE,,16,23.77,88,17,6,2
1802,AB,10,POPU,TRE,,16.5,24.1,95,18,7,3
1803,AB,10,POPU,TRE,,17,24.43,102,19,8,3
1804,AB,10,POPU,TRE,,17.5,24.75,109,20,8,3
1805,AB,10,POPU,TRE,,18,25.07,117,22,9,3
1806,AB,10,POPU,TRE,,18.5,25.39,125,23,9,3
1807,AB,10,POPU,TRE,,19,25.7,133,25,10,3
1808,AB,10,POPU,TRE,,19.5,26.01,142,26,11,3
1809,AB,10,POPU,TRE,,20,26.31,151,28,12,3
1810,AB,10,POPU,TRE,,20.5,26.6,160,30,12,4
1811,AB,10,POPU,TRE,,21,26.9,169,32,13,4
1812,AB,10,POPU,TRE,,21.5,27.19,179,33,14,4
1813,AB,10,POPU,TRE,,22,27.47,190,35,15,4
1814,AB,10,POPU,TRE,,22.5,27.76,200,37,16,4
1815,AB,10,POPU,TRE,,23,28.04,211,39,17,4
1816,AB,10,POPU,TRE,,23.5,28.31,222,41,18,4
1817,AB,10,POPU,TRE,,24,28.58,234,43,19,5
1818,AB,10,POPU,TRE,,24.5,28.85,246,46,20,5
1819,AB,10,POPU,TRE,,25,29.12,258,48,21,5
1820,AB,10,POPU,TRE,,25.5,29.38,271,50,22,5
1821,AB,10,POPU,TRE,,26,29.65,284,52,23,5
1822,AB,10,POPU,TRE,,26.5,29.9,297,55,24,5
1823,AB,10,POPU,TRE,,27,30.16,311,57,25,6
1824,AB,10,POPU,TRE,,27.5,30.41,325,60,27,6
1825,AB,10,POPU,TRE,,28,30.66,340,63,28,6
1826,AB,10,POPU,TRE,,28.5,30.91,354,65,29,6
1827,AB,10,POPU,TRE,,29,31.16,370,68,31,6
1828,AB,10,POPU,TRE,,29.5,31.4,385,71,32,6
1829,AB,10,POPU,TRE,,30,31.64,401,74,33,7
1830,AB,14,POPU,TRE,,15,23.08,75,14,5,2
1831,AB,14,POPU,TRE,,15.5,23.42,81,15,6,2
1832,AB,14,POPU,TRE,,16,23.77,88,17,6,2
1833,AB,14,POPU,TRE,,16.5,24.1,95,18,7,3
1834,AB,14,POPU,TRE,,17,24.43,102,19,8,3
1835,AB,14,POPU,TRE,,17.5,24.75,109,20,8,3
1836,AB,14,POPU,TRE,,18,25.07,117,22,9,3
1837,AB,14,POPU,TRE,,18.5,25.39,125,23,9,3
1838,AB,14,POPU,TRE,,19,25.7,133,25,10,3
1839,AB,14,POPU,TRE,,19.5,26.01,142,26,11,3
1840,AB,14,POPU,TRE,,20,26.31,151,28,12,3
1841,AB,14,POPU,TRE,,20.5,26.6,160,30,12,4
1842,AB,14,POPU,TRE,,21,26.9,169,32,13,4
1843,AB,14,POPU,TRE,,21.5,27.19,179,33,14,4
1844,AB,14,POPU,TRE,,22,27.47,190,35,15,4
1845,AB,14,POPU,TRE,,22.5,27.76,200,37,16,4
1846,AB,14,POPU,TRE,,23,28.04,211,39,17,4
1847,AB,14,POPU,TRE,,23.5,28.31,222,41,18,4
1848,AB,14,POPU,TRE,,24,28.58,234,43,19,5
1849,AB,14,POPU,TRE,,24.5,28.85,246,46,20,5
1850,AB,14,POPU,TRE,,25,29.12,258,48,21,5
1851,AB,14,POPU,TRE,,25.5,29.38,271,50,22,5
1852,AB,14,POPU,TRE,,26,29.65,284,52,23,5
1853,AB,14,POPU,TRE,,26.5,29.9,297,55,24,5
1854,AB,14,POPU,TRE,,27,30.16,311,57,25,6
1855,AB,14,POPU,TRE,,27.5,30.41,325,60,27,6
1856,AB,14,POPU,TRE,,28,30.66,340,63,28,6
1857,AB,14,POPU,TRE,,28.5,30.91,354,65,29,6
1858,AB,14,POPU,TRE,,29,31.16,370,68,31,6
1859,AB,14,POPU,TRE,,29.5,31.4,385,71,32,6
1860,AB,14,POPU,TRE,,30,31.64,401,74,33,7
1861,AB,4,POPU,BAL,,15,16.35,44,11,4,1
1862,AB,4,POPU,BAL,,15.5,16.54,47,12,4,1
1863,AB,4,POPU,BAL,,16,16.74,50,13,5,1
1864,AB,4,POPU,BAL,,16.5,16.93,54,13,5,1
1865,AB,4,POPU,BAL,,17,17.11,57,14,6,1
1866,AB,4,POPU,BAL,,17.5,17.3,61,15,6,1
1867,AB,4,POPU,BAL,,18,17.48,64,16,7,1
1868,AB,4,POPU,BAL,,18.5,17.65,68,17,7,2
1869,AB,4,POPU,BAL,,19,17.83,72,18,8,2
1870,AB,4,POPU,BAL,,19.5,18,76,19,9,2
1871,AB,4,POPU,BAL,,20,18.17,81,20,10,2
1872,AB,4,POPU,BAL,,20.5,18.33,85,21,10,2
1873,AB,4,POPU,BAL,,21,18.49,90,21,11,2
1874,AB,4,POPU,BAL,,21.5,18.66,94,23,12,2
1875,AB,4,POPU,BAL,,22,18.81,99,24,13,2
1876,AB,4,POPU,BAL,,22.5,18.97,104,25,14,3
1877,AB,4,POPU,BAL,,23,19.12,109,26,15,3
1878,AB,4,POPU,BAL,,23.5,19.27,114,27,16,3
1879,AB,4,POPU,BAL,,24,19.42,119,28,17,3
1880,AB,4,POPU,BAL,,24.5,19.57,124,29,18,3
1881,AB,4,POPU,BAL,,25,19.72,130,30,19,4
1882,AB,4,POPU,BAL,,25.5,19.86,136,31,21,4
1883,AB,4,POPU,BAL,,26,20,141,33,22,4
1884,AB,4,POPU,BAL,,26.5,20.14,147,34,23,4
1885,AB,4,POPU,BAL,,27,20.28,153,35,25,4
1886,AB,4,POPU,BAL,,27.5,20.42,159,36,26,5
1887,AB,4,POPU,BAL,,28,20.56,166,38,28,5
1888,AB,4,POPU,BAL,,28.5,20.69,172,39,29,5
1889,AB,4,POPU,BAL,,29,20.82,178,40,31,5
1890,AB,4,POPU,BAL,,29.5,20.95,185,42,33,5
1891,AB,4,POPU,BAL,,30,21.08,192,43,35,6
1892,AB,5,POPU,BAL,,15,16.35,48,10,6,2
1893,AB,5,POPU,BAL,,15.5,16.54,51,11,7,2
1894,AB,5,POPU,BAL,,16,16.74,55,12,8,2
1895,AB,5,POPU,BAL,,16.5,16.93,59,12,8,2
1896,AB,5,POPU,BAL,,17,17.11,63,13,9,3
1897,AB,5,POPU,BAL,,17.5,17.3,68,14,10,3
1898,AB,5,POPU,BAL,,18,17.48,72,15,11,3
1899,AB,5,POPU,BAL,,18.5,17.65,76,16,12,3
1900,AB,5,POPU,BAL,,19,17.83,81,16,13,3
1901,AB,5,POPU,BAL,,19.5,18,86,17,14,3
1902,AB,5,POPU,BAL,,20,18.17,91,18,15,3
1903,AB,5,POPU,BAL,,20.5,18.33,96,19,16,4
1904,AB,5,POPU,BAL,,21,18.49,102,20,17,4
1905,AB,5,POPU,BAL,,21.5,18.66,107,21,18,4
1906,AB,5,POPU,BAL,,22,18.81,113,22,19,4
1907,AB,5,POPU,BAL,,22.5,18.97,119,23,20,4
1908,AB,5,POPU,BAL,,23,19.12,124,24,22,4
1909,AB,5,POPU,BAL,,23.5,19.27,131,25,23,4
1910,AB,5,POPU,BAL,,24,19.42,137,26,24,5
1911,AB,5,POPU,BAL,,24.5,19.57,143,27,26,5
1912,AB,5,POPU,BAL,,25,19.72,150,29,27,5
1913,AB,5,POPU,BAL,,25.5,19.86,157,30,29,5
1914,AB,5,POPU,BAL,,26,20,164,31,30,5
1915,AB,5,POPU,BAL,,26.5,20.14,171,32,32,5
1916,AB,5,POPU,BAL,,27,20.28,178,33,34,6
1917,AB,5,POPU,BAL,,27.5,20.42,186,35,36,6
1918,AB,5,POPU,BAL,,28,20.56,193,36,38,6
1919,AB,5,POPU,BAL,,28.5,20.69,201,37,39,6
1920,AB,5,POPU,BAL,,29,20.82,209,38,41,6
1921,AB,5,POPU,BAL,,29.5,20.95,217,40,44,7
1922,AB,5,POPU,BAL,,30,21.08,226,41,46,7
1923,AB,6,POPU,BAL,,15,16.35,55,11,10,3
1924,AB,6,POPU,BAL,,15.5,16.54,59,12,11,3
1925,AB,6,POPU,BAL,,16,16.74,64,12,12,3
1926,AB,6,POPU,BAL,,16.5,16.93,68,13,13,3
1927,AB,6,POPU,BAL,,17,17.11,73,14,14,3
1928,AB,6,POPU,BAL,,17.5,17.3,78,15,15,3
1929,AB,6,POPU,BAL,,18,17.48,83,15,16,3
1930,AB,6,POPU,BAL,,18.5,17.65,88,16,17,4
1931,AB,6,POPU,BAL,,19,17.83,93,17,18,4
1932,AB,6,POPU,BAL,,19.5,18,99,18,19,4
1933,AB,6,POPU,BAL,,20,18.17,104,19,20,4
1934,AB,6,POPU,BAL,,20.5,18.33,110,20,22,4
1935,AB,6,POPU,BAL,,21,18.49,116,21,23,4
1936,AB,6,POPU,BAL,,21.5,18.66,123,22,24,4
1937,AB,6,POPU,BAL,,22,18.81,129,23,26,5
1938,AB,6,POPU,BAL,,22.5,18.97,136,24,27,5
1939,AB,6,POPU,BAL,,23,19.12,143,25,29,5
1940,AB,6,POPU,BAL,,23.5,19.27,150,26,30,5
1941,AB,6,POPU,BAL,,24,19.42,157,27,32,5
1942,AB,6,POPU,BAL,,24.5,19.57,164,28,33,5
1943,AB,6,POPU,BAL,,25,19.72,172,29,35,5
1944,AB,6,POPU,BAL,,25.5,19.86,179,31,37,6
1945,AB,6,POPU,BAL,,26,20,187,32,38,6
1946,AB,6,POPU,BAL,,26.5,20.14,195,33,40,6
1947,AB,6,POPU,BAL,,27,20.28,204,34,42,6
1948,AB,6,POPU,BAL,,27.5,20.42,212,35,44,6
1949,AB,6,POPU,BAL,,28,20.56,221,37,46,6
1950,AB,6,POPU,BAL,,28.5,20.69,230,38,48,7
1951,AB,6,POPU,BAL,,29,20.82,239,39,50,7
1952,AB,6,POPU,BAL,,29.5,20.95,248,41,52,7
1953,AB,6,POPU,BAL,,30,21.08,258,42,54,7
1954,AB,9,POPU,BAL,,15,16.35,44,11,4,1
1955,AB,9,POPU,BAL,,15.5,16.54,47,12,4,1
1956,AB,9,POPU,BAL,,16,16.74,50,13,5,1
1957,AB,9,POPU,BAL,,16.5,16.93,54,13,5,1
1958,AB,9,POPU,BAL,,17,17.11,57,14,6,1
1959,AB,9,POPU,BAL,,17.5,17.3,61,15,6,1
1960,AB,9,POPU,BAL,,18,17.48,64,16,7,1
1961,AB,9,POPU,BAL,,18.5,17.65,68,17,7,2
1962,AB,9,POPU,BAL,,19,17.83,72,18,8,2
1963,AB,9,POPU,BAL,,19.5,18,76,19,9,2
1964,AB,9,POPU,BAL,,20,18.17,81,20,10,2
1965,AB,9,POPU,BAL,,20.5,18.33,85,21,10,2
1966,AB,9,POPU,BAL,,21,18.49,90,21,11,2
1967,AB,9,POPU,BAL,,21.5,18.66,94,23,12,2
1968,AB,9,POPU,BAL,,22,18.81,99,24,13,2
1969,AB,9,POPU,BAL,,22.5,18.97,104,25,14,3
1970,AB,9,POPU,BAL,,23,19.12,109,26,15,3
1971,AB,9,POPU,BAL,,23.5,19.27,114,27,16,3
1972,AB,9,POPU,BAL,,24,19.42,119,28,17,3
1973,AB,9,POPU,BAL,,24.5,19.57,124,29,18,3
1974,AB,9,POPU,BAL,,25,19.72,130,30,19,4
1975,AB,9,POPU,BAL,,25.5,19.86,136,31,21,4
1976,AB,9,POPU,BAL,,26,20,141,33,22,4
1977,AB,9,POPU,BAL,,26.5,20.14,147,34,23,4
1978,AB,9,POPU,BAL,,27,20.28,153,35,25,4
1979,AB,9,POPU,BAL,,27.5,20.42,159,36,26,5
1980,AB,9,POPU,BAL,,28,20.56,166,38,28,5
1981,AB,9,POPU,BAL,,28.5,20.69,172,39,29,5
1982,AB,9,POPU,BAL,,29,20.82,178,40,31,5
1983,AB,9,POPU,BAL,,29.5,20.95,185,42,33,5
1984,AB,9,POPU,BAL,,30,21.08,192,43,35,6
1985,AB,10,POPU,BAL,,15,16.35,48,10,6,2
1986,AB,10,POPU,BAL,,15.5,16.54,51,11,7,2
1987,AB,10,POPU,BAL,,16,16.74,55,12,8,2
1988,AB,10,POPU,BAL,,16.5,16.93,59,12,8,2
1989,AB,10,POPU,BAL,,17,17.11,63,13,9,3
1990,AB,10,POPU,BAL,,17.5,17.3,68,14,10,3
1991,AB,10,POPU,BAL,,18,17.48,72,15,11,3
1992,AB,10,POPU,BAL,,18.5,17.65,76,16,12,3
1993,AB,10,POPU,BAL,,19,17.83,81,16,13,3
1994,AB,10,POPU,BAL,,19.5,18,86,17,14,3
1995,AB,10,POPU,BAL,,20,18.17,91,18,15,3
1996,AB,10,POPU,BAL,,20.5,18.33,96,19,16,4
1997,AB,10,POPU,BAL,,21,18.49,102,20,17,4
1998,AB,10,POPU,BAL,,21.5,18.66,107,21,18,4
1999,AB,10,POPU,BAL,,22,18.81,113,22,19,4
2000,AB,10,POPU,BAL,,22.5,18.97,119,23,20,4
2001,AB,10,POPU,BAL,,23,19.12,124,24,22,4
2002,AB,10,POPU,BAL,,23.5,19.27,131,25,23,4
2003,AB,10,POPU,BAL,,24,19.42,137,26,24,5
2004,AB,10,POPU,BAL,,24.5,19.57,143,27,26,5
2005,AB,10,POPU,BAL,,25,19.72,150,29,27,5
2006,AB,10,POPU,BAL,,25.5,19.86,157,30,29,5
2007,AB,10,POPU,BAL,,26,20,164,31,30,5
2008,AB,10,POPU,BAL,,26.5,20.14,171,32,32,5
2009,AB,10,POPU,BAL,,27,20.28,178,33,34,6
2010,AB,10,POPU,BAL,,27.5,20.42,186,35,36,6
2011,AB,10,POPU,BAL,,28,20.56,193,36,38,6
2012,AB,10,POPU,BAL,,28.5,20.69,201,37,39,6
2013,AB,10,POPU,BAL,,29,20.82,209,38,41,6
2014,AB,10,POPU,BAL,,29.5,20.95,217,40,44,7
2015,AB,10,POPU,BAL,,30,21.08,226,41,46,7
2016,AB,14,POPU,BAL,,15,16.35,48,10,6,2
2017,AB,14,POPU,BAL,,15.5,16.54,51,11,7,2
2018,AB,14,POPU,BAL,,16,16.74,55,12,8,2
2019,AB,14,POPU,BAL,,16.5,16.93,59,12,8,2
2020,AB,14,POPU,BAL,,17,17.11,63,13,9,3
2021,AB,14,POPU,BAL,,17.5,17.3,68,14,10,3
2022,AB,14,POPU,BAL,,18,17.48,72,15,11,3
2023,AB,14,POPU,BAL,,18.5,17.65,76,16,12,3
2024,AB,14,POPU,BAL,,19,17.83,81,16,13,3
2025,AB,14,POPU,BAL,,19.5,18,86,17,14,3
2026,AB,14,POPU,BAL,,20,18.17,91,18,15,3
2027,AB,14,POPU,BAL,,20.5,18.33,96,19,16,4
2028,AB,14,POPU,BAL,,21,18.49,102,20,17,4
2029,AB,14,POPU,BAL,,21.5,18.66,107,21,18,4
2030,AB,14,POPU,BAL,,22,18.81,113,22,19,4
2031,AB,14,POPU,BAL,,22.5,18.97,119,23,20,4
2032,AB,14,POPU,BAL,,23,19.12,124,24,22,4
2033,AB,14,POPU,BAL,,23.5,19.27,131,25,23,4
2034,AB,14,POPU,BAL,,24,19.42,137,26,24,5
2035,AB,14,POPU,BAL,,24.5,19.57,143,27,26,5
2036,AB,14,POPU,BAL,,25,19.72,150,29,27,5
2037,AB,14,POPU,BAL,,25.5,19.86,157,30,29,5
2038,AB,14,POPU,BAL,,26,20,164,31,30,5
2039,AB,14,POPU,BAL,,26.5,20.14,171,32,32,5
2040,AB,14,POPU,BAL,,27,20.28,178,33,34,6
2041,AB,14,POPU,BAL,,27.5,20.42,186,35,36,6
2042,AB,14,POPU,BAL,,28,20.56,193,36,38,6
2043,AB,14,POPU,BAL,,28.5,20.69,201,37,39,6
2044,AB,14,POPU,BAL,,29,20.82,209,38,41,6
2045,AB,14,POPU,BAL,,29.5,20.95,217,40,44,7
2046,AB,14,POPU,BAL,,30,21.08,226,41,46,7
2140,AB,9,PSEU,MEN,GLA,15,60.05,30,7,13,11
2141,AB,9,PSEU,MEN,GLA,15.5,58.52,33,7,14,12
2142,AB,9,PSEU,MEN,GLA,16,57.08,36,8,15,12
2143,AB,9,PSEU,MEN,GLA,16.5,55.72,39,9,16,13
2144,AB,9,PSEU,MEN,GLA,17,54.42,43,9,17,14
2145,AB,9,PSEU,MEN,GLA,17.5,53.2,46,10,18,14
2146,AB,9,PSEU,MEN,GLA,18,52.03,50,11,20,15
2147,AB,9,PSEU,MEN,GLA,18.5,50.93,53,12,21,16
2148,AB,9,PSEU,MEN,GLA,19,49.87,57,12,22,17
2149,AB,9,PSEU,MEN,GLA,19.5,48.86,62,13,23,17
2150,AB,9,PSEU,MEN,GLA,20,47.9,66,14,24,18
2151,AB,9,PSEU,MEN,GLA,20.5,46.98,70,15,26,19
2152,AB,9,PSEU,MEN,GLA,21,46.1,75,16,27,20
2153,AB,9,PSEU,MEN,GLA,21.5,45.25,80,17,29,20
2154,AB,9,PSEU,MEN,GLA,22,44.44,85,18,30,21
2155,AB,9,PSEU,MEN,GLA,22.5,43.67,91,19,32,22
2156,AB,9,PSEU,MEN,GLA,23,42.92,96,20,33,23
2157,AB,9,PSEU,MEN,GLA,23.5,42.2,102,21,35,24
2158,AB,9,PSEU,MEN,GLA,24,41.51,108,23,36,24
2159,AB,9,PSEU,MEN,GLA,24.5,40.84,114,24,38,25
2160,AB,9,PSEU,MEN,GLA,25,40.2,120,25,39,26
2161,AB,9,PSEU,MEN,GLA,25.5,39.57,127,26,41,27
2162,AB,9,PSEU,MEN,GLA,26,38.98,134,28,43,28
2163,AB,9,PSEU,MEN,GLA,26.5,38.4,141,29,45,29
2164,AB,9,PSEU,MEN,GLA,27,37.84,148,30,47,30
2165,AB,9,PSEU,MEN,GLA,27.5,37.3,156,32,48,31
2166,AB,9,PSEU,MEN,GLA,28,36.77,163,33,50,32
2167,AB,9,PSEU,MEN,GLA,28.5,36.26,171,35,52,32
2168,AB,9,PSEU,MEN,GLA,29,35.77,180,37,54,33
2169,AB,9,PSEU,MEN,GLA,29.5,35.29,188,38,56,34
2170,AB,9,PSEU,MEN,GLA,30,34.83,197,40,58,35
2171,AB,10,PSEU,MEN,GLA,15,60.05,30,7,13,11
2172,AB,10,PSEU,MEN,GLA,15.5,58.52,33,7,14,12
2173,AB,10,PSEU,MEN,GLA,16,57.08,36,8,15,12
2174,AB,10,PSEU,MEN,GLA,16.5,55.72,39,9,16,13
2175,AB,10,PSEU,MEN,GLA,17,54.42,43,9,17,14
2176,AB,10,PSEU,MEN,GLA,17.5,53.2,46,10,18,14
2177,AB,10,PSEU,MEN,GLA,18,52.03,50,11,20,15
2178,AB,10,PSEU,MEN,GLA,18.5,50.93,53,12,21,16
2179,AB,10,PSEU,MEN,GLA,19,49.87,57,12,22,17
2180,AB,10,PSEU,MEN,GLA,19.5,48.86,62,13,23,17
2181,AB,10,PSEU,MEN,GLA,20,47.9,66,14,24,18
2182,AB,10,PSEU,MEN,GLA,20.5,46.98,70,15,26,19
2183,AB,10,PSEU,MEN,GLA,21,46.1,75,16,27,20
2184,AB,10,PSEU,MEN,GLA,21.5,45.25,80,17,29,20
2185,AB,10,PSEU,MEN,GLA,22,44.44,85,18,30,21
2186,AB,10,PSEU,MEN,GLA,22.5,43.67,91,19,32,22
2187,AB,10,PSEU,MEN,GLA,23,42.92,96,20,33,23
2188,AB,10,PSEU,MEN,GLA,23.5,42.2,102,21,35,24
2189,AB,10,PSEU,MEN,GLA,24,41.51,108,23,36,24
2190,AB,10,PSEU,MEN,GLA,24.5,40.84,114,24,38,25
2191,AB,10,PSEU,MEN,GLA,25,40.2,120,25,39,26
2192,AB,10,PSEU,MEN,GLA,25.5,39.57,127,26,41,27
2193,AB,10,PSEU,MEN,GLA,26,38.98,134,28,43,28
2194,AB,10,PSEU,MEN,GLA,26.5,38.4,141,29,45,29
2195,AB,10,PSEU,MEN,GLA,27,37.84,148,30,47,30
2196,AB,10,PSEU,MEN,GLA,27.5,37.3,156,32,48,31
2197,AB,10,PSEU,MEN,GLA,28,36.77,163,33,50,32
2198,AB,10,PSEU,MEN,GLA,28.5,36.26,171,35,52,32
2199,AB,10,PSEU,MEN,GLA,29,35.77,180,37,54,33
2200,AB,10,PSEU,MEN,GLA,29.5,35.29,188,38,56,34
2201,AB,10,PSEU,MEN,GLA,30,34.83,197,40,58,35
2202,AB,14,PSEU,MEN,GLA,15,60.05,30,7,13,11
2203,AB,14,PSEU,MEN,GLA,15.5,58.52,33,7,14,12
2204,AB,14,PSEU,MEN,GLA,16,57.08,36,8,15,12
2205,AB,14,PSEU,MEN,GLA,16.5,55.72,39,9,16,13
2206,AB,14,PSEU,MEN,GLA,17,54.42,43,9,17,14
2207,AB,14,PSEU,MEN,GLA,17.5,53.2,46,10,18,14
2208,AB,14,PSEU,MEN,GLA,18,52.03,50,11,20,15
2209,AB,14,PSEU,MEN,GLA,18.5,50.93,53,12,21,16
2210,AB,14,PSEU,MEN,GLA,19,49.87,57,12,22,17
2211,AB,14,PSEU,MEN,GLA,19.5,48.86,62,13,23,17
2212,AB,14,PSEU,MEN,GLA,20,47.9,66,14,24,18
2213,AB,14,PSEU,MEN,GLA,20.5,46.98,70,15,26,19
2214,AB,14,PSEU,MEN,GLA,21,46.1,75,16,27,20
2215,AB,14,PSEU,MEN,GLA,21.5,45.25,80,17,29,20
2216,AB,14,PSEU,MEN,GLA,22,44.44,85,18,30,21
2217,AB,14,PSEU,MEN,GLA,22.5,43.67,91,19,32,22
2218,AB,14,PSEU,MEN,GLA,23,42.92,96,20,33,23
2219,AB,14,PSEU,MEN,GLA,23.5,42.2,102,21,35,24
2220,AB,14,PSEU,MEN,GLA,24,41.51,108,23,36,24
2221,AB,14,PSEU,MEN,GLA,24.5,40.84,114,24,38,25
2222,AB,14,PSEU,MEN,GLA,25,40.2,120,25,39,26
2223,AB,14,PSEU,MEN,GLA,25.5,39.57,127,26,41,27
2224,AB,14,PSEU,MEN,GLA,26,38.98,134,28,43,28
2225,AB,14,PSEU,MEN,GLA,26.5,38.4,141,29,45,29
2226,AB,14,PSEU,MEN,GLA,27,37.84,148,30,47,30
2227,AB,14,PSEU,MEN,GLA,27.5,37.3,156,32,48,31
2228,AB,14,PSEU,MEN,GLA,28,36.77,163,33,50,32
2229,AB,14,PSEU,MEN,GLA,28.5,36.26,171,35,52,32
2230,AB,14,PSEU,MEN,GLA,29,35.77,180,37,54,33
2231,AB,14,PSEU,MEN,GLA,29.5,35.29,188,38,56,34
2232,AB,14,PSEU,MEN,GLA,30,34.83,197,40,58,35
